服装,名前,No.,ID
"ユニフォーム","日向翔陽",1,"1"
"ユニフォーム","影山飛雄",11,"1"
"ユニフォーム","月島蛍",22,"1"
"ユニフォーム","山口忠",33,"1"
"ユニフォーム","西谷夕",40,"1"
"ユニフォーム","田中龍之介",48,"1"
"ユニフォーム","澤村大地",54,"1"
"ユニフォーム","菅原考支",60,"1"
"ユニフォーム","東峰旭",66,"1"
"ユニフォーム","縁下力",72,"1"
"ユニフォーム","木下久志",76,"1"
"ユニフォーム","成田一仁",78,"1"
"ユニフォーム","孤爪研磨",81,"1"
"ユニフォーム","黒尾鉄朗",91,"1"
"ユニフォーム","灰羽リエーフ",101,"1"
"ユニフォーム","夜久衛輔",106,"1"
"ユニフォーム","福永招平",112,"1"
"ユニフォーム","犬岡走",115,"1"
"ユニフォーム","山本猛虎",118,"1"
"ユニフォーム","芝山優生",121,"1"
"ユニフォーム","海信之",123,"1"
"ユニフォーム","手白球彦",126,"1"
"ユニフォーム","青根高伸",127,"1"
"ユニフォーム","二口堅治",133,"1"
"ユニフォーム","黄金川貫至",141,"1"
"ユニフォーム","小原豊",147,"1"
"ユニフォーム","女川太郎",148,"1"
"ユニフォーム","作並浩輔",150,"1"
"ユニフォーム","吹上仁悟",152,"1"
"ユニフォーム","茂庭要",153,"1"
"ユニフォーム","鎌先靖志",155,"1"
"ユニフォーム","笹谷武仁",157,"1"
"ユニフォーム","及川徹",159,"1"
"ユニフォーム","岩泉一",169,"1"
"ユニフォーム","金田一勇太郎",178,"1"
"ユニフォーム","京谷賢太郎",182,"1"
"ユニフォーム","国見英",185,"1"
"ユニフォーム","渡親治",192,"1"
"ユニフォーム","松川一静",193,"1"
"ユニフォーム","花巻貴大",197,"1"
"ユニフォーム","矢巾秀",202,"1"
"ユニフォーム","駒木輝",204,"1"
"ユニフォーム","茶屋和馬",205,"1"
"ユニフォーム","玉川弘樹",206,"1"
"ユニフォーム","桜井大河",207,"1"
"ユニフォーム","芳賀良治",208,"1"
"ユニフォーム","渋谷陸斗",209,"1"
"ユニフォーム","池尻隼人",210,"1"
"ユニフォーム","十和田良樹",213,"1"
"ユニフォーム","森岳歩",214,"1"
"ユニフォーム","唐松拓巳",215,"1"
"ユニフォーム","田沢裕樹",216,"1"
"ユニフォーム","子安颯真",217,"1"
"ユニフォーム","横手駿",219,"1"
"ユニフォーム","夏瀬伊吹",220,"1"
"ユニフォーム","秋宮昇",221,"1"
"ユニフォーム","古牧譲",222,"1"
"ユニフォーム","浅虫快人",224,"1"
"ユニフォーム","南田大志",225,"1"
"ユニフォーム","湯川良明",226,"1"
"ユニフォーム","稲垣功",227,"1"
"ユニフォーム","馬門英治",228,"1"
"ユニフォーム","百沢雄大",229,"1"
"ユニフォーム","照島游児",231,"1"
"ユニフォーム","母畑和馬",237,"1"
"ユニフォーム","二岐丈晴",239,"1"
"ユニフォーム","沼尻凛太郎",241,"1"
"ユニフォーム","飯坂信義",242,"1"
"ユニフォーム","東山勝道",243,"1"
"ユニフォーム","土湯新",244,"1"
"ユニフォーム","中島猛",245,"1"
"ユニフォーム","白石優希",247,"1"
"ユニフォーム","花山一雅",248,"1"
"ユニフォーム","鳴子哲平",249,"1"
"ユニフォーム","秋保和光",250,"1"
"ユニフォーム","松島剛",251,"1"
"ユニフォーム","川渡瞬己",253,"1"
"ユニフォーム","牛島若利",255,"1"
"ユニフォーム","天童覚",264,"1"
"ユニフォーム","五色工",272,"1"
"ユニフォーム","白布賢二郎",278,"1"
"ユニフォーム","大平獅音",285,"1"
"ユニフォーム","川西太一",287,"1"
"ユニフォーム","瀬見英太",290,"1"
"ユニフォーム","山形隼人",296,"1"
"ユニフォーム","強羅昌己",297,"1"
"ユニフォーム","芦谷洋平",298,"1"
"ユニフォーム","仙石伸吾",299,"1"
"ユニフォーム","中川俊美",300,"1"
"ユニフォーム","七沢健吾",301,"1"
"ユニフォーム","伊勢原裕次",302,"1"
"ユニフォーム","湯河浩二",303,"1"
"ユニフォーム","千鹿谷栄吉",304,"1"
"ユニフォーム","小鹿野大樹",305,"1"
"ユニフォーム","赤谷勇",306,"1"
"ユニフォーム","児玉勝",307,"1"
"ユニフォーム","名栗翔太",308,"1"
"ユニフォーム","島府典明",309,"1"
"ユニフォーム","吉川和孝",310,"1"
"ユニフォーム","宮侑",311,"1"
"ユニフォーム","宮治",320,"1"
"ユニフォーム","角名倫太郎",328,"1"
"ユニフォーム","北信介",336,"1"
"ユニフォーム","尾白アラン",344,"1"
"ユニフォーム","赤木路成",347,"1"
"ユニフォーム","大耳練",349,"1"
"ユニフォーム","理石平介",351,"1"
"ユニフォーム","銀島結",352,"1"
"ユニフォーム","木兎光太郎",354,"1"
"ユニフォーム","木葉秋紀",363,"1"
"ユニフォーム","猿杙大和",368,"1"
"ユニフォーム","小見春樹",370,"1"
"ユニフォーム","尾長渉",372,"1"
"ユニフォーム","鷲尾辰生",373,"1"
"ユニフォーム","赤葦京治",375,"1"
"ユニフォーム","姫川葵",384,"1"
"ユニフォーム","当間義友",386,"1"
"ユニフォーム","越後栄",387,"1"
"ユニフォーム","貝掛亮文",388,"1"
"ユニフォーム","丸山一喜",389,"1"
"ユニフォーム","舞子侑志",390,"1"
"ユニフォーム","寺泊基希",391,"1"
"ユニフォーム","星海光来",392,"1"
"ユニフォーム","昼神幸郎",398,"1"
"ユニフォーム","佐久早聖臣",402,"1"
"ユニフォーム","小森元也",406,"1"
"ユニフォーム","大将優",409,"1"
"ユニフォーム","沼井和馬",414,"1"
"ユニフォーム","潜尚保",415,"1"
"ユニフォーム","高千穂恵也",418,"1"
"ユニフォーム","広尾倖児",419,"1"
"ユニフォーム","先島伊澄",421,"1"
"ユニフォーム","背黒晃彦",422,"1"
"ユニフォーム","赤間颯",423,"1"
"ユニフォーム","白峰周",424,"1"
"ユニフォーム","和倉久彦",425,"1"
"ユニフォーム","金沢伊織",426,"1"
"ユニフォーム","志賀智也",427,"1"
"ユニフォーム","輪島友和",428,"1"
"ユニフォーム","深谷謙朗",429,"1"
"ユニフォーム","山代総司",430,"1"
"制服","日向翔陽",2,"2"
"制服","影山飛雄",12,"2"
"制服","西谷夕",41,"2"
"制服","田中龍之介",49,"2"
"夏祭り","日向翔陽",3,"5"
"夏祭り","影山飛雄",13,"5"
"1周年","日向翔陽",4,"13"
"1周年","影山飛雄",15,"13"
"1周年","月島蛍",25,"13"
"水着","月島蛍",23,"4"
"水着","山口忠",34,"4"
"王冠","日向翔陽",5,"20"
"王冠","影山飛雄",16,"20"
"ジャージ","日向翔陽",6,"28"
"ジャージ","影山飛雄",17,"28"
"ジャージ","月島蛍",27,"28"
"ジャージ","山口忠",37,"28"
"遊園地","日向翔陽",7,"33"
"職業体験","月島蛍",24,"7"
"ハロウィン","日向翔陽",8,"42"
"ハロウィン","西谷夕",46,"42"
"和装体験","日向翔陽",9,"46"
"格ゲー","日向翔陽",10,"48"
"格ゲー","影山飛雄",21,"48"
"Xmas","影山飛雄",14,"10"
"Xmas","西谷夕",42,"10"
"新年","田中龍之介",50,"11"
"雪遊び","山口忠",35,"12"
"RPG","田中龍之介",51,"16"
"バーガー","西谷夕",43,"17"
"2周年","影山飛雄",18,"32"
"2周年","月島蛍",28,"32"
"2周年","西谷夕",45,"32"
"中学生","影山飛雄",19,"35"
"文化祭3","影山飛雄",20,"43"
"花火","月島蛍",26,"21"
"スパイ","山口忠",36,"23"
"仮装","田中龍之介",52,"25"
"文化祭2","西谷夕",44,"27"
"アート2","月島蛍",29,"37"
"焼き芋","月島蛍",30,"41"
"焼き芋","山口忠",38,"41"
"寝正月","月島蛍",31,"45"
"思い出","月島蛍",32,"49"
"思い出","山口忠",39,"49"
"思い出","西谷夕",47,"49"
"Xmas3","田中龍之介",53,"44"
"プール掃除","澤村大地",55,"3"
"文化祭","澤村大地",56,"8"
"RPG","澤村大地",57,"16"
"新年2","澤村大地",58,"30"
"Xmas3","澤村大地",59,"44"
"プール掃除","菅原考支",61,"3"
"文化祭","菅原考支",62,"8"
"梅雨","菅原考支",63,"18"
"Xmas2","菅原考支",64,"29"
"夏祭り2","菅原考支",65,"40"
"プール掃除","東峰旭",67,"3"
"サバゲ","東峰旭",68,"14"
"夏祭り2","東峰旭",69,"40"
"和装体験","東峰旭",70,"46"
"探偵","縁下力",73,"6"
"RPG","縁下力",74,"16"
"花火","縁下力",75,"21"
"妖","木下久志",77,"34"
"格ゲー","清水潔子",79,"48"
"格ゲー","谷地仁花",80,"48"
"制服","孤爪研磨",82,"2"
"夏祭り","孤爪研磨",83,"5"
"1周年","孤爪研磨",84,"13"
"スパイ","孤爪研磨",85,"23"
"Xmas2","孤爪研磨",86,"29"
"中学生","孤爪研磨",87,"35"
"ハロウィン","孤爪研磨",88,"42"
"寝正月","孤爪研磨",89,"45"
"思い出","孤爪研磨",90,"49"
"制服","黒尾鉄朗",92,"2"
"夏祭り","黒尾鉄朗",93,"5"
"1周年","黒尾鉄朗",94,"13"
"キャンプ","黒尾鉄朗",95,"19"
"文化祭2","黒尾鉄朗",96,"27"
"中学生","黒尾鉄朗",97,"35"
"ハロウィン","黒尾鉄朗",98,"42"
"和装体験","黒尾鉄朗",99,"46"
"思い出","黒尾鉄朗",100,"49"
"探偵","灰羽リエーフ",102,"6"
"路地裏","灰羽リエーフ",103,"15"
"文化祭2","灰羽リエーフ",104,"27"
"サバゲ2","灰羽リエーフ",105,"38"
"1周年","夜久衛輔",107,"13"
"花火","夜久衛輔",108,"21"
"2周年","夜久衛輔",109,"32"
"水着2","夜久衛輔",110,"39"
"Xmas3","夜久衛輔",111,"44"
"バーガー","福永招平",113,"17"
"アート2","福永招平",114,"37"
"新年","犬岡走",116,"11"
"梅雨2","犬岡走",117,"50"
"新年","山本猛虎",119,"11"
"和装体験","山本猛虎",120,"46"
"焼き芋","芝山優生",122,"41"
"遊園地","海信之",124,"33"
"制服","青根高伸",128,"2"
"プール掃除","青根高伸",129,"3"
"キャンプ","青根高伸",130,"19"
"甲冑","青根高伸",131,"26"
"Xmas3","青根高伸",132,"44"
"制服","二口堅治",134,"2"
"プール掃除","二口堅治",135,"3"
"路地裏","二口堅治",136,"15"
"甲冑","二口堅治",137,"26"
"2周年","二口堅治",138,"32"
"アート2","二口堅治",139,"37"
"Xmas3","二口堅治",140,"44"
"制服","黄金川貫至",142,"2"
"職業体験","黄金川貫至",143,"7"
"スパイ","黄金川貫至",144,"23"
"焼き芋","黄金川貫至",145,"41"
"格ゲー","黄金川貫至",146,"48"
"水着2","女川太郎",149,"39"
"職業体験2","作並浩輔",151,"36"
"寝正月","茂庭要",154,"45"
"甲冑","鎌先靖志",156,"26"
"梅雨2","笹谷武仁",158,"50"
"プール掃除","及川徹",160,"3"
"Xmas","及川徹",161,"10"
"制服","及川徹",162,"2"
"路地裏","及川徹",163,"15"
"バカンス","及川徹",164,"22"
"2周年","及川徹",165,"32"
"夏祭り2","及川徹",166,"40"
"和装体験","及川徹",167,"46"
"格ゲー","及川徹",168,"48"
"プール掃除","岩泉一",170,"3"
"制服","岩泉一",171,"2"
"サバゲ","岩泉一",172,"14"
"バカンス","岩泉一",173,"22"
"路地裏2","岩泉一",174,"31"
"夏祭り2","岩泉一",175,"40"
"Xmas3","岩泉一",176,"44"
"梅雨2","岩泉一",177,"50"
"雪遊び","金田一勇太郎",179,"12"
"カンフー","金田一勇太郎",180,"24"
"中学生","金田一勇太郎",181,"35"
"梅雨","京谷賢太郎",183,"18"
"水着2","京谷賢太郎",184,"39"
"職業体験","国見英",186,"7"
"路地裏","国見英",187,"15"
"カンフー","国見英",188,"24"
"中学生","国見英",189,"35"
"寝正月","国見英",190,"45"
"梅雨2","国見英",191,"50"
"アート","松川一静",194,"9"
"バカンス","松川一静",195,"22"
"焼き芋","松川一静",196,"41"
"アート","花巻貴大",198,"9"
"バーガー","花巻貴大",199,"17"
"妖","花巻貴大",200,"34"
"焼き芋","花巻貴大",201,"41"
"キャンプ","矢巾秀",203,"19"
"文化祭2","池尻隼人",211,"27"
"遊園地","池尻隼人",212,"33"
"サバゲ2","子安颯真",218,"38"
"雪遊び","古牧譲",223,"12"
"職業体験","百沢雄大",230,"7"
"制服","照島游児",232,"2"
"雪遊び","照島游児",233,"12"
"スパイ","照島游児",234,"23"
"妖","照島游児",235,"34"
"格ゲー","照島游児",236,"48"
"アート2","母畑和馬",238,"37"
"制服","二岐丈晴",240,"2"
"スパイ","中島猛",246,"23"
"妖","松島剛",252,"34"
"サバゲ2","川渡瞬己",254,"38"
"水着","牛島若利",256,"4"
"新年","牛島若利",257,"11"
"制服","牛島若利",258,"2"
"文化祭2","牛島若利",259,"27"
"妖","牛島若利",260,"34"
"ハロウィン","牛島若利",261,"42"
"Xmas3","牛島若利",262,"44"
"3周年","牛島若利",263,"47"
"水着","天童覚",265,"4"
"文化祭","天童覚",266,"8"
"制服","天童覚",267,"2"
"仮装","天童覚",268,"25"
"遊園地","天童覚",269,"33"
"Xmas3","天童覚",270,"44"
"思い出","天童覚",271,"49"
"職業体験","五色工",273,"7"
"制服","五色工",274,"2"
"バカンス","五色工",275,"22"
"Xmas2","五色工",276,"29"
"サバゲ2","五色工",277,"38"
"探偵","白布賢二郎",279,"6"
"制服","白布賢二郎",280,"2"
"バカンス","白布賢二郎",281,"22"
"路地裏2","白布賢二郎",282,"31"
"文化祭3","白布賢二郎",283,"43"
"3周年","白布賢二郎",284,"47"
"格ゲー","大平獅音",286,"48"
"路地裏","川西太一",288,"15"
"寝正月","川西太一",289,"45"
"雪遊び","瀬見英太",291,"12"
"バカンス","瀬見英太",292,"22"
"アート2","瀬見英太",293,"37"
"文化祭3","瀬見英太",294,"43"
"3周年","瀬見英太",295,"47"
"文化祭","宮侑",312,"8"
"RPG","宮侑",313,"16"
"カンフー","宮侑",314,"24"
"新年2","宮侑",315,"30"
"サバゲ2","宮侑",316,"38"
"制服","宮侑",317,"2"
"3周年","宮侑",318,"47"
"思い出","宮侑",319,"49"
"RPG","宮治",321,"16"
"カンフー","宮治",322,"24"
"遊園地","宮治",323,"33"
"夏祭り2","宮治",324,"40"
"制服","宮治",325,"2"
"3周年","宮治",326,"47"
"思い出","宮治",327,"49"
"サバゲ","角名倫太郎",329,"14"
"花火","角名倫太郎",330,"21"
"路地裏2","角名倫太郎",331,"31"
"水着2","角名倫太郎",332,"39"
"制服","角名倫太郎",333,"2"
"寝正月","角名倫太郎",334,"45"
"3周年","角名倫太郎",335,"47"
"Xmas","北信介",337,"10"
"スパイ","北信介",338,"23"
"新年2","北信介",339,"30"
"職業体験2","北信介",340,"36"
"制服","北信介",341,"2"
"和装体験","北信介",342,"46"
"思い出","北信介",343,"49"
"雪遊び","尾白アラン",345,"12"
"夏祭り2","尾白アラン",346,"40"
"Xmas2","赤木路成",348,"29"
"和装体験","大耳練",350,"46"
"Xmas2","銀島結",353,"29"
"夏祭り","木兎光太郎",355,"5"
"Xmas","木兎光太郎",356,"10"
"制服","木兎光太郎",357,"2"
"キャンプ","木兎光太郎",358,"19"
"2周年","木兎光太郎",359,"32"
"焼き芋","木兎光太郎",360,"41"
"3周年","木兎光太郎",361,"47"
"梅雨2","木兎光太郎",362,"50"
"探偵","木葉秋紀",364,"6"
"梅雨","木葉秋紀",365,"18"
"路地裏2","木葉秋紀",366,"31"
"水着2","木葉秋紀",367,"39"
"ハロウィン","猿杙大和",369,"42"
"路地裏2","小見春樹",371,"31"
"ハロウィン","鷲尾辰生",374,"42"
"夏祭り","赤葦京治",376,"5"
"制服","赤葦京治",377,"2"
"バーガー","赤葦京治",378,"17"
"仮装","赤葦京治",379,"25"
"妖","赤葦京治",380,"34"
"焼き芋","赤葦京治",381,"41"
"Xmas3","赤葦京治",382,"44"
"3周年","赤葦京治",383,"47"
"花火","姫川葵",385,"21"
"文化祭","星海光来",393,"8"
"サバゲ","星海光来",394,"14"
"花火","星海光来",395,"21"
"新年2","星海光来",396,"30"
"格ゲー","星海光来",397,"48"
"Xmas","昼神幸郎",399,"10"
"職業体験2","昼神幸郎",400,"36"
"寝正月","昼神幸郎",401,"45"
"サバゲ","佐久早聖臣",403,"14"
"新年2","佐久早聖臣",404,"30"
"和装体験","佐久早聖臣",405,"46"
"キャンプ","小森元也",407,"19"
"ハロウィン","小森元也",408,"42"
"新年","大将優",410,"11"
"カンフー","大将優",411,"24"
"妖","大将優",412,"34"
"梅雨2","大将優",413,"50"
"バーガー","潜尚保",416,"17"
"寝正月","潜尚保",417,"45"
"カンフー","広尾倖児",420,"24"
