No.,DispName,服装
1,"日向翔陽ICO","ユニフォーム"
11,"影山飛雄ICO","ユニフォーム"
22,"月島蛍ICO","ユニフォーム"
33,"山口忠ICO","ユニフォーム"
40,"西谷夕ICO","ユニフォーム"
48,"田中龍之介ICO","ユニフォーム"
54,"澤村大地ICO","ユニフォーム"
60,"菅原考支ICO","ユニフォーム"
66,"東峰旭ICO","ユニフォーム"
71,"東峰旭YEL","ユニフォーム"
72,"縁下力ICO","ユニフォーム"
76,"木下久志ICO","ユニフォーム"
78,"成田一仁ICO","ユニフォーム"
81,"孤爪研磨ICO","ユニフォーム"
91,"黒尾鉄朗ICO","ユニフォーム"
101,"灰羽リエーフICO","ユニフォーム"
106,"夜久衛輔ICO","ユニフォーム"
112,"福永招平ICO","ユニフォーム"
115,"犬岡走ICO","ユニフォーム"
118,"山本猛虎ICO","ユニフォーム"
121,"芝山優生ICO","ユニフォーム"
123,"海信之ICO","ユニフォーム"
125,"海信之YEL","ユニフォーム"
126,"手白球彦ICO","ユニフォーム"
127,"青根高伸ICO","ユニフォーム"
133,"二口堅治ICO","ユニフォーム"
141,"黄金川貫至ICO","ユニフォーム"
147,"小原豊ICO","ユニフォーム"
148,"女川太郎ICO","ユニフォーム"
150,"作並浩輔ICO","ユニフォーム"
152,"吹上仁悟ICO","ユニフォーム"
153,"茂庭要ICO","ユニフォーム"
155,"鎌先靖志ICO","ユニフォーム"
157,"笹谷武仁ICO","ユニフォーム"
159,"及川徹ICO","ユニフォーム"
169,"岩泉一ICO","ユニフォーム"
178,"金田一勇太郎ICO","ユニフォーム"
182,"京谷賢太郎ICO","ユニフォーム"
185,"国見英ICO","ユニフォーム"
192,"渡親治ICO","ユニフォーム"
193,"松川一静ICO","ユニフォーム"
197,"花巻貴大ICO","ユニフォーム"
202,"矢巾秀ICO","ユニフォーム"
204,"駒木輝ICO","ユニフォーム"
205,"茶屋和馬ICO","ユニフォーム"
206,"玉川弘樹ICO","ユニフォーム"
207,"桜井大河ICO","ユニフォーム"
208,"芳賀良治ICO","ユニフォーム"
209,"渋谷陸斗ICO","ユニフォーム"
210,"池尻隼人ICO","ユニフォーム"
213,"十和田良樹ICO","ユニフォーム"
214,"森岳歩ICO","ユニフォーム"
215,"唐松拓巳ICO","ユニフォーム"
216,"田沢裕樹ICO","ユニフォーム"
217,"子安颯真ICO","ユニフォーム"
219,"横手駿ICO","ユニフォーム"
220,"夏瀬伊吹ICO","ユニフォーム"
221,"秋宮昇ICO","ユニフォーム"
222,"古牧譲ICO","ユニフォーム"
224,"浅虫快人ICO","ユニフォーム"
225,"南田大志ICO","ユニフォーム"
226,"湯川良明ICO","ユニフォーム"
227,"稲垣功ICO","ユニフォーム"
228,"馬門英治ICO","ユニフォーム"
229,"百沢雄大ICO","ユニフォーム"
231,"照島游児ICO","ユニフォーム"
237,"母畑和馬ICO","ユニフォーム"
239,"二岐丈晴ICO","ユニフォーム"
241,"沼尻凛太郎ICO","ユニフォーム"
242,"飯坂信義ICO","ユニフォーム"
243,"東山勝道ICO","ユニフォーム"
244,"土湯新ICO","ユニフォーム"
245,"中島猛ICO","ユニフォーム"
247,"白石優希ICO","ユニフォーム"
248,"花山一雅ICO","ユニフォーム"
249,"鳴子哲平ICO","ユニフォーム"
250,"秋保和光ICO","ユニフォーム"
251,"松島剛ICO","ユニフォーム"
253,"川渡瞬己ICO","ユニフォーム"
255,"牛島若利ICO","ユニフォーム"
264,"天童覚ICO","ユニフォーム"
272,"五色工ICO","ユニフォーム"
278,"白布賢二郎ICO","ユニフォーム"
285,"大平獅音ICO","ユニフォーム"
287,"川西太一ICO","ユニフォーム"
290,"瀬見英太ICO","ユニフォーム"
296,"山形隼人ICO","ユニフォーム"
297,"強羅昌己ICO","ユニフォーム"
298,"芦谷洋平ICO","ユニフォーム"
299,"仙石伸吾ICO","ユニフォーム"
300,"中川俊美ICO","ユニフォーム"
301,"七沢健吾ICO","ユニフォーム"
302,"伊勢原裕次ICO","ユニフォーム"
303,"湯河浩二ICO","ユニフォーム"
304,"千鹿谷栄吉ICO","ユニフォーム"
305,"小鹿野大樹ICO","ユニフォーム"
306,"赤谷勇ICO","ユニフォーム"
307,"児玉勝ICO","ユニフォーム"
308,"名栗翔太ICO","ユニフォーム"
309,"島府典明ICO","ユニフォーム"
310,"吉川和孝ICO","ユニフォーム"
311,"宮侑ICO","ユニフォーム"
320,"宮治ICO","ユニフォーム"
328,"角名倫太郎ICO","ユニフォーム"
336,"北信介ICO","ユニフォーム"
344,"尾白アランICO","ユニフォーム"
347,"赤木路成ICO","ユニフォーム"
349,"大耳練ICO","ユニフォーム"
351,"理石平介ICO","ユニフォーム"
352,"銀島結ICO","ユニフォーム"
354,"木兎光太郎ICO","ユニフォーム"
363,"木葉秋紀ICO","ユニフォーム"
368,"猿杙大和ICO","ユニフォーム"
370,"小見春樹ICO","ユニフォーム"
372,"尾長渉ICO","ユニフォーム"
373,"鷲尾辰生ICO","ユニフォーム"
375,"赤葦京治ICO","ユニフォーム"
384,"姫川葵ICO","ユニフォーム"
386,"当間義友ICO","ユニフォーム"
387,"越後栄ICO","ユニフォーム"
388,"貝掛亮文ICO","ユニフォーム"
389,"丸山一喜ICO","ユニフォーム"
390,"舞子侑志ICO","ユニフォーム"
391,"寺泊基希ICO","ユニフォーム"
392,"星海光来ICO","ユニフォーム"
398,"昼神幸郎ICO","ユニフォーム"
402,"佐久早聖臣ICO","ユニフォーム"
406,"小森元也ICO","ユニフォーム"
409,"大将優ICO","ユニフォーム"
414,"沼井和馬ICO","ユニフォーム"
415,"潜尚保ICO","ユニフォーム"
418,"高千穂恵也ICO","ユニフォーム"
419,"広尾倖児ICO","ユニフォーム"
421,"先島伊澄ICO","ユニフォーム"
422,"背黒晃彦ICO","ユニフォーム"
423,"赤間颯ICO","ユニフォーム"
424,"白峰周ICO","ユニフォーム"
425,"和倉久彦ICO","ユニフォーム"
426,"金沢伊織ICO","ユニフォーム"
427,"志賀智也ICO","ユニフォーム"
428,"輪島友和ICO","ユニフォーム"
429,"深谷謙朗ICO","ユニフォーム"
430,"山代総司ICO","ユニフォーム"
2,"制服日向翔陽ICO","制服"
3,"夏祭り日向翔陽ICO","夏祭り"
4,"1周年日向翔陽ICO","1周年"
5,"王冠日向翔陽ICO","王冠"
6,"ジャージ日向翔陽ICO","ジャージ"
7,"遊園地日向翔陽ICO","遊園地"
8,"ハロウィン日向翔陽ICO","ハロウィン"
9,"和装体験日向翔陽ICO","和装体験"
10,"格ゲー日向翔陽ICO","格ゲー"
12,"制服影山飛雄ICO","制服"
13,"夏祭り影山飛雄ICO","夏祭り"
14,"Xmas影山飛雄ICO","Xmas"
15,"1周年影山飛雄ICO","1周年"
16,"王冠影山飛雄ICO","王冠"
17,"ジャージ影山飛雄ICO","ジャージ"
18,"2周年影山飛雄ICO","2周年"
19,"中学生影山飛雄ICO","中学生"
20,"文化祭3影山飛雄ICO","文化祭3"
21,"格ゲー影山飛雄ICO","格ゲー"
23,"水着月島蛍ICO","水着"
24,"職業体験月島蛍ICO","職業体験"
25,"1周年月島蛍ICO","1周年"
26,"花火月島蛍ICO","花火"
27,"ジャージ月島蛍ICO","ジャージ"
28,"2周年月島蛍ICO","2周年"
29,"アート2月島蛍ICO","アート2"
30,"焼き芋月島蛍ICO","焼き芋"
31,"寝正月月島蛍ICO","寝正月"
32,"思い出月島蛍ICO","思い出"
34,"水着山口忠ICO","水着"
35,"雪遊び山口忠ICO","雪遊び"
36,"スパイ山口忠ICO","スパイ"
37,"ジャージ山口忠ICO","ジャージ"
38,"焼き芋山口忠ICO","焼き芋"
39,"思い出山口忠ICO","思い出"
41,"制服西谷夕ICO","制服"
42,"Xmas西谷夕ICO","Xmas"
43,"バーガー西谷夕ICO","バーガー"
44,"文化祭2西谷夕ICO","文化祭2"
45,"2周年西谷夕ICO","2周年"
46,"ハロウィン西谷夕ICO","ハロウィン"
47,"思い出西谷夕ICO","思い出"
49,"制服田中龍之介ICO","制服"
50,"新年田中龍之介ICO","新年"
51,"RPG田中龍之介ICO","RPG"
52,"仮装田中龍之介ICO","仮装"
53,"Xmas3田中龍之介ICO","Xmas3"
55,"プール掃除澤村大地ICO","プール掃除"
56,"文化祭澤村大地ICO","文化祭"
57,"RPG澤村大地ICO","RPG"
58,"新年2澤村大地ICO","新年2"
59,"Xmas3澤村大地ICO","Xmas3"
61,"プール掃除菅原考支ICO","プール掃除"
62,"文化祭菅原考支ICO","文化祭"
63,"梅雨菅原考支ICO","梅雨"
64,"Xmas2菅原考支ICO","Xmas2"
65,"夏祭り2菅原考支ICO","夏祭り2"
67,"プール掃除東峰旭ICO","プール掃除"
68,"サバゲ東峰旭ICO","サバゲ"
69,"夏祭り2東峰旭ICO","夏祭り2"
70,"和装体験東峰旭ICO","和装体験"
73,"探偵縁下力ICO","探偵"
74,"RPG縁下力ICO","RPG"
75,"花火縁下力ICO","花火"
77,"妖木下久志ICO","妖"
79,"格ゲー清水潔子ICO","格ゲー"
80,"格ゲー谷地仁花ICO","格ゲー"
82,"制服孤爪研磨ICO","制服"
83,"夏祭り孤爪研磨ICO","夏祭り"
84,"1周年孤爪研磨ICO","1周年"
85,"スパイ孤爪研磨ICO","スパイ"
86,"Xmas2孤爪研磨ICO","Xmas2"
87,"中学生孤爪研磨ICO","中学生"
88,"ハロウィン孤爪研磨ICO","ハロウィン"
89,"寝正月孤爪研磨ICO","寝正月"
90,"思い出孤爪研磨ICO","思い出"
92,"制服黒尾鉄朗ICO","制服"
93,"夏祭り黒尾鉄朗ICO","夏祭り"
94,"1周年黒尾鉄朗ICO","1周年"
95,"キャンプ黒尾鉄朗ICO","キャンプ"
96,"文化祭2黒尾鉄朗ICO","文化祭2"
97,"中学生黒尾鉄朗ICO","中学生"
98,"ハロウィン黒尾鉄朗ICO","ハロウィン"
99,"和装体験黒尾鉄朗ICO","和装体験"
100,"思い出黒尾鉄朗ICO","思い出"
102,"探偵灰羽リエーフICO","探偵"
103,"路地裏灰羽リエーフICO","路地裏"
104,"文化祭2灰羽リエーフICO","文化祭2"
105,"サバゲ2灰羽リエーフICO","サバゲ2"
107,"1周年夜久衛輔ICO","1周年"
108,"花火夜久衛輔ICO","花火"
109,"2周年夜久衛輔ICO","2周年"
110,"水着2夜久衛輔ICO","水着2"
111,"Xmas3夜久衛輔ICO","Xmas3"
113,"バーガー福永招平ICO","バーガー"
114,"アート2福永招平ICO","アート2"
116,"新年犬岡走ICO","新年"
117,"梅雨2犬岡走ICO","梅雨2"
119,"新年山本猛虎ICO","新年"
120,"和装体験山本猛虎ICO","和装体験"
122,"焼き芋芝山優生ICO","焼き芋"
124,"遊園地海信之ICO","遊園地"
128,"制服青根高伸ICO","制服"
129,"プール掃除青根高伸ICO","プール掃除"
130,"キャンプ青根高伸ICO","キャンプ"
131,"甲冑青根高伸ICO","甲冑"
132,"Xmas3青根高伸ICO","Xmas3"
134,"制服二口堅治ICO","制服"
135,"プール掃除二口堅治ICO","プール掃除"
136,"路地裏二口堅治ICO","路地裏"
137,"甲冑二口堅治ICO","甲冑"
138,"2周年二口堅治ICO","2周年"
139,"アート2二口堅治ICO","アート2"
140,"Xmas3二口堅治ICO","Xmas3"
142,"制服黄金川貫至ICO","制服"
143,"職業体験黄金川貫至ICO","職業体験"
144,"スパイ黄金川貫至ICO","スパイ"
145,"焼き芋黄金川貫至ICO","焼き芋"
146,"格ゲー黄金川貫至ICO","格ゲー"
149,"水着2女川太郎ICO","水着2"
151,"職業体験2作並浩輔ICO","職業体験2"
154,"寝正月茂庭要ICO","寝正月"
156,"甲冑鎌先靖志ICO","甲冑"
158,"梅雨2笹谷武仁ICO","梅雨2"
160,"プール掃除及川徹ICO","プール掃除"
161,"Xmas及川徹ICO","Xmas"
162,"制服及川徹ICO","制服"
163,"路地裏及川徹ICO","路地裏"
164,"バカンス及川徹ICO","バカンス"
165,"2周年及川徹ICO","2周年"
166,"夏祭り2及川徹ICO","夏祭り2"
167,"和装体験及川徹ICO","和装体験"
168,"格ゲー及川徹ICO","格ゲー"
170,"プール掃除岩泉一ICO","プール掃除"
171,"制服岩泉一ICO","制服"
172,"サバゲ岩泉一ICO","サバゲ"
173,"バカンス岩泉一ICO","バカンス"
174,"路地裏2岩泉一ICO","路地裏2"
175,"夏祭り2岩泉一ICO","夏祭り2"
176,"Xmas3岩泉一ICO","Xmas3"
177,"梅雨2岩泉一ICO","梅雨2"
179,"雪遊び金田一勇太郎ICO","雪遊び"
180,"カンフー金田一勇太郎ICO","カンフー"
181,"中学生金田一勇太郎ICO","中学生"
183,"梅雨京谷賢太郎ICO","梅雨"
184,"水着2京谷賢太郎ICO","水着2"
186,"職業体験国見英ICO","職業体験"
187,"路地裏国見英ICO","路地裏"
188,"カンフー国見英ICO","カンフー"
189,"中学生国見英ICO","中学生"
190,"寝正月国見英ICO","寝正月"
191,"梅雨2国見英ICO","梅雨2"
194,"アート松川一静ICO","アート"
195,"バカンス松川一静ICO","バカンス"
196,"焼き芋松川一静ICO","焼き芋"
198,"アート花巻貴大ICO","アート"
199,"バーガー花巻貴大ICO","バーガー"
200,"妖花巻貴大ICO","妖"
201,"焼き芋花巻貴大ICO","焼き芋"
203,"キャンプ矢巾秀ICO","キャンプ"
211,"文化祭2池尻隼人ICO","文化祭2"
212,"遊園地池尻隼人ICO","遊園地"
218,"サバゲ2子安颯真ICO","サバゲ2"
223,"雪遊び古牧譲ICO","雪遊び"
230,"職業体験百沢雄大ICO","職業体験"
232,"制服照島游児ICO","制服"
233,"雪遊び照島游児ICO","雪遊び"
234,"スパイ照島游児ICO","スパイ"
235,"妖照島游児ICO","妖"
236,"格ゲー照島游児ICO","格ゲー"
238,"アート2母畑和馬ICO","アート2"
240,"制服二岐丈晴ICO","制服"
246,"スパイ中島猛ICO","スパイ"
252,"妖松島剛ICO","妖"
254,"サバゲ2川渡瞬己ICO","サバゲ2"
256,"水着牛島若利ICO","水着"
257,"新年牛島若利ICO","新年"
258,"制服牛島若利ICO","制服"
259,"文化祭2牛島若利ICO","文化祭2"
260,"妖牛島若利ICO","妖"
261,"ハロウィン牛島若利ICO","ハロウィン"
262,"Xmas3牛島若利ICO","Xmas3"
263,"3周年牛島若利ICO","3周年"
265,"水着天童覚ICO","水着"
266,"文化祭天童覚ICO","文化祭"
267,"制服天童覚ICO","制服"
268,"仮装天童覚ICO","仮装"
269,"遊園地天童覚ICO","遊園地"
270,"Xmas3天童覚ICO","Xmas3"
271,"思い出天童覚ICO","思い出"
273,"職業体験五色工ICO","職業体験"
274,"制服五色工ICO","制服"
275,"バカンス五色工ICO","バカンス"
276,"Xmas2五色工ICO","Xmas2"
277,"サバゲ2五色工ICO","サバゲ2"
279,"探偵白布賢二郎ICO","探偵"
280,"制服白布賢二郎ICO","制服"
281,"バカンス白布賢二郎ICO","バカンス"
282,"路地裏2白布賢二郎ICO","路地裏2"
283,"文化祭3白布賢二郎ICO","文化祭3"
284,"3周年白布賢二郎ICO","3周年"
286,"格ゲー大平獅音ICO","格ゲー"
288,"路地裏川西太一ICO","路地裏"
289,"寝正月川西太一ICO","寝正月"
291,"雪遊び瀬見英太ICO","雪遊び"
292,"バカンス瀬見英太ICO","バカンス"
293,"アート2瀬見英太ICO","アート2"
294,"文化祭3瀬見英太ICO","文化祭3"
295,"3周年瀬見英太ICO","3周年"
312,"文化祭宮侑ICO","文化祭"
313,"RPG宮侑ICO","RPG"
314,"カンフー宮侑ICO","カンフー"
315,"新年2宮侑ICO","新年2"
316,"サバゲ2宮侑ICO","サバゲ2"
317,"制服宮侑ICO","制服"
318,"3周年宮侑ICO","3周年"
319,"思い出宮侑ICO","思い出"
321,"RPG宮治ICO","RPG"
322,"カンフー宮治ICO","カンフー"
323,"遊園地宮治ICO","遊園地"
324,"夏祭り2宮治ICO","夏祭り2"
325,"制服宮治ICO","制服"
326,"3周年宮治ICO","3周年"
327,"思い出宮治ICO","思い出"
329,"サバゲ角名倫太郎ICO","サバゲ"
330,"花火角名倫太郎ICO","花火"
331,"路地裏2角名倫太郎ICO","路地裏2"
332,"水着2角名倫太郎ICO","水着2"
333,"制服角名倫太郎ICO","制服"
334,"寝正月角名倫太郎ICO","寝正月"
335,"3周年角名倫太郎ICO","3周年"
337,"Xmas北信介ICO","Xmas"
338,"スパイ北信介ICO","スパイ"
339,"新年2北信介ICO","新年2"
340,"職業体験2北信介ICO","職業体験2"
341,"制服北信介ICO","制服"
342,"和装体験北信介ICO","和装体験"
343,"思い出北信介ICO","思い出"
345,"雪遊び尾白アランICO","雪遊び"
346,"夏祭り2尾白アランICO","夏祭り2"
348,"Xmas2赤木路成ICO","Xmas2"
350,"和装体験大耳練ICO","和装体験"
353,"Xmas2銀島結ICO","Xmas2"
355,"夏祭り木兎光太郎ICO","夏祭り"
356,"Xmas木兎光太郎ICO","Xmas"
357,"制服木兎光太郎ICO","制服"
358,"キャンプ木兎光太郎ICO","キャンプ"
359,"2周年木兎光太郎ICO","2周年"
360,"焼き芋木兎光太郎ICO","焼き芋"
361,"3周年木兎光太郎ICO","3周年"
362,"梅雨2木兎光太郎ICO","梅雨2"
364,"探偵木葉秋紀ICO","探偵"
365,"梅雨木葉秋紀ICO","梅雨"
366,"路地裏2木葉秋紀ICO","路地裏2"
367,"水着2木葉秋紀ICO","水着2"
369,"ハロウィン猿杙大和ICO","ハロウィン"
371,"路地裏2小見春樹ICO","路地裏2"
374,"ハロウィン鷲尾辰生ICO","ハロウィン"
376,"夏祭り赤葦京治ICO","夏祭り"
377,"制服赤葦京治ICO","制服"
378,"バーガー赤葦京治ICO","バーガー"
379,"仮装赤葦京治ICO","仮装"
380,"妖赤葦京治ICO","妖"
381,"焼き芋赤葦京治ICO","焼き芋"
382,"Xmas3赤葦京治ICO","Xmas3"
383,"3周年赤葦京治ICO","3周年"
385,"花火姫川葵ICO","花火"
393,"文化祭星海光来ICO","文化祭"
394,"サバゲ星海光来ICO","サバゲ"
395,"花火星海光来ICO","花火"
396,"新年2星海光来ICO","新年2"
397,"格ゲー星海光来ICO","格ゲー"
399,"Xmas昼神幸郎ICO","Xmas"
400,"職業体験2昼神幸郎ICO","職業体験2"
401,"寝正月昼神幸郎ICO","寝正月"
403,"サバゲ佐久早聖臣ICO","サバゲ"
404,"新年2佐久早聖臣ICO","新年2"
405,"和装体験佐久早聖臣ICO","和装体験"
407,"キャンプ小森元也ICO","キャンプ"
408,"ハロウィン小森元也ICO","ハロウィン"
410,"新年大将優ICO","新年"
411,"カンフー大将優ICO","カンフー"
412,"妖大将優ICO","妖"
413,"梅雨2大将優ICO","梅雨2"
416,"バーガー潜尚保ICO","バーガー"
417,"寝正月潜尚保ICO","寝正月"
420,"カンフー広尾倖児ICO","カンフー"
