No.,服装,名前,じゃんけん,ポジション,高校,レアリティ,スパイク,サーブ,セッティング,頭脳,幸運,ブロック,レシーブ,バネ,スピード,メンタル,攻撃力,守備力,TotalStat,AttackVal,ServeVal,TossVal,ReceiveVal,BlockVal,よみがな
1,"ユニフォーム","日向翔陽","チョキ","MB","烏野","ICONIC",115,112,112,114,97,123,112,129,129,26,453,493,1069,212,323,112,241,252,"ひなたしょうよう"
9,"ユニフォーム","影山飛雄","チョキ","S","烏野","ICONIC",123,123,129,123,101,115,120,115,115,31,498,465,1095,224,347,129,235,230,"かげやまとびお"
19,"ユニフォーム","月島蛍","チョキ","MB","烏野","ICONIC",116,112,112,126,97,127,114,116,115,36,466,472,1071,213,335,112,229,243,"つきしまけい"
28,"ユニフォーム","山口忠","パー","MB","烏野","ICONIC",114,123,118,120,97,118,118,114,119,31,475,469,1072,211,340,118,237,232,"やまぐちだだし"
34,"ユニフォーム","西谷夕","チョキ","Li","烏野","ICONIC",117,110,120,123,101,110,130,116,123,29,470,479,1079,218,334,120,253,226,"にしのやゆう"
41,"ユニフォーム","田中龍之介","パー","WS","烏野","ICONIC",125,117,113,114,97,116,117,115,115,27,469,463,1056,222,328,113,232,231,"たなかりゅうのすけ"
47,"ユニフォーム","澤村大地","チョキ","WS","烏野","ICONIC",118,116,116,123,101,116,126,115,120,51,473,477,1102,219,340,116,246,231,"さわむらだいち"
53,"ユニフォーム","菅原考支","パー","S","烏野","ICONIC",115,115,124,123,101,116,116,115,115,46,477,462,1086,216,339,124,231,231,"すがわらこうし"
59,"ユニフォーム","東峰旭","チョキ","WS","烏野","ICONIC",127,125,113,120,97,121,115,115,114,29,485,465,1076,224,342,113,229,236,"あずまねあさひ"
63,"ユニフォーム","東峰旭","チョキ","WS","烏野","YELL",128,128,112,123,97,120,114,114,113,29,491,461,1078,225,348,112,227,234,"あずまねあさひ"
64,"ユニフォーム","縁下力","パー","WS","烏野","ICONIC",113,115,111,120,99,113,120,114,114,41,459,461,1060,212,334,111,234,227,"えんのしたちから"
68,"ユニフォーム","木下久志","パー","WS","烏野","ICONIC",117,122,113,117,101,115,115,115,115,31,469,460,1061,218,340,113,230,230,"きのしたひさし"
70,"ユニフォーム","成田一仁","パー","MB","烏野","ICONIC",113,116,112,123,101,119,113,114,114,31,464,460,1056,214,340,112,227,233,"なりたかずひと"
71,"ユニフォーム","孤爪研磨","パー","S","音駒","ICONIC",113,115,127,129,101,113,117,113,115,41,484,458,1084,214,345,127,232,226,"こづめけんま"
79,"ユニフォーム","黒尾鉄朗","グー","MB","音駒","ICONIC",126,121,114,119,101,129,117,116,115,36,480,477,1094,227,341,114,232,245,"くろおてつろう"
87,"ユニフォーム","灰羽リエーフ","グー","MB","音駒","ICONIC",117,114,113,118,97,123,115,115,115,27,462,468,1054,214,329,113,230,238,"はいばりえーふ"
92,"ユニフォーム","夜久衛輔","パー","Li","音駒","ICONIC",118,111,116,124,101,110,130,116,122,36,469,478,1084,219,336,116,252,226,"やくもりすけ"
97,"ユニフォーム","福永招平","パー","WS","音駒","ICONIC",117,113,114,115,97,115,116,115,115,29,459,461,1046,214,325,114,231,230,"ふくながしょうへい"
100,"ユニフォーム","犬岡走","パー","MB","音駒","ICONIC",115,114,113,118,97,121,115,116,115,36,460,467,1060,212,329,113,230,237,"いぬおかそう"
102,"ユニフォーム","山本猛虎","パー","WS","音駒","ICONIC",123,120,114,122,101,115,116,115,115,29,479,461,1070,224,343,114,231,230,"やまもとたけとら"
104,"ユニフォーム","芝山優生","パー","Li","音駒","ICONIC",115,110,113,120,97,110,123,119,120,33,458,472,1060,212,327,113,243,229,"しばやまゆうき"
106,"ユニフォーム","海信之","パー","WS","音駒","ICONIC",124,121,114,122,101,116,118,116,116,51,481,466,1099,225,344,114,234,232,"かいのぶゆき"
108,"ユニフォーム","海信之","パー","WS","音駒","YELL",120,117,110,118,99,112,114,112,112,49,465,450,1063,219,334,110,226,224,"かいのぶゆき"
109,"ユニフォーム","手白球彦","パー","S","音駒","ICONIC",113,120,120,121,97,113,116,114,117,31,474,460,1062,210,338,120,233,227,"てしろたまひこ"
110,"ユニフォーム","青根高伸","グー","MB","伊達工","ICONIC",125,113,112,122,97,130,115,116,115,31,472,476,1076,222,332,112,230,246,"あおねたかのぶ"
116,"ユニフォーム","二口堅治","チョキ","WS","伊達工","ICONIC",124,119,114,127,101,127,116,116,119,36,484,478,1099,225,347,114,235,243,"ふたくちけんじ"
123,"ユニフォーム","黄金川貫至","グー","S","伊達工","ICONIC",119,118,123,121,97,127,116,116,116,29,481,475,1082,216,336,123,232,243,"こがねがわかんじ"
128,"ユニフォーム","小原豊","グー","WS","伊達工","ICONIC",121,117,112,119,97,116,114,116,119,31,469,465,1062,218,333,112,233,232,"おばらゆたか"
129,"ユニフォーム","女川太郎","グー","WS","伊達工","ICONIC",122,118,113,120,97,121,115,117,120,31,473,473,1074,219,335,113,235,238,"おながわたろう"
131,"ユニフォーム","作並浩輔","グー","Li","伊達工","ICONIC",113,110,112,121,101,110,124,119,120,36,456,473,1066,214,332,112,244,229,"さくなみこうすけ"
133,"ユニフォーム","吹上仁悟","グー","MB","伊達工","ICONIC",125,113,112,122,97,125,115,116,115,31,472,471,1071,222,332,112,230,241,"ふきあげじんご"
134,"ユニフォーム","茂庭要","グー","S","伊達工","ICONIC",115,116,121,120,97,118,117,116,118,36,472,469,1074,212,333,121,235,234,"もにわかなめ"
135,"ユニフォーム","鎌先靖志","グー","MB","伊達工","ICONIC",121,119,112,121,97,123,115,115,115,31,473,468,1069,218,337,112,230,238,"かまさきやすし"
137,"ユニフォーム","笹谷武仁","グー","WS","伊達工","ICONIC",120,117,112,119,97,119,114,116,119,31,468,468,1064,217,333,112,233,235,"ささやたけひと"
138,"ユニフォーム","及川徹","グー","S","青城","ICONIC",127,127,129,127,101,114,115,115,115,36,510,459,1106,228,355,129,230,229,"おいかわとおる"
146,"ユニフォーム","岩泉一","チョキ","WS","青城","ICONIC",125,121,114,122,101,117,115,116,116,36,482,464,1083,226,344,114,231,233,"いわいずみはじめ"
154,"ユニフォーム","金田一勇太郎","パー","MB","青城","ICONIC",118,113,112,116,97,120,115,115,115,31,459,465,1052,215,326,112,230,235,"きんだいちゆうたろう"
158,"ユニフォーム","京谷賢太郎","チョキ","WS","青城","ICONIC",128,125,112,119,97,114,110,116,121,27,484,461,1069,225,341,112,231,230,"きょうたにけんたろう"
161,"ユニフォーム","国見英","グー","WS","青城","ICONIC",119,115,114,119,97,114,116,116,116,31,467,462,1057,216,331,114,232,230,"くにみあきら"
166,"ユニフォーム","渡親治","グー","Li","青城","ICONIC",113,110,119,121,101,110,124,119,122,41,463,475,1080,214,332,119,246,229,"わたりしんじ"
167,"ユニフォーム","松川一静","グー","MB","青城","ICONIC",116,113,112,117,97,120,115,115,115,31,458,465,1051,213,327,112,230,235,"まつかわいっせい"
171,"ユニフォーム","花巻貴大","グー","WS","青城","ICONIC",118,116,116,119,97,117,116,116,118,31,469,467,1064,215,332,116,234,233,"はなまきたかひろ"
176,"ユニフォーム","矢巾秀","グー","S","青城","ICONIC",118,120,123,123,101,115,117,115,117,36,484,464,1085,219,344,123,234,230,"やはばしげる"
178,"ユニフォーム","駒木輝","グー","WS","常波","ICONIC",121,115,114,118,101,116,114,116,117,41,468,463,1073,222,334,114,231,232,"こまきひかる"
179,"ユニフォーム","茶屋和馬","パー","MB","常波","ICONIC",116,115,113,118,97,120,116,115,115,31,462,466,1056,213,330,113,231,235,"ちゃやかずま"
180,"ユニフォーム","玉川弘樹","パー","WS","常波","ICONIC",117,114,114,119,97,116,116,117,117,31,464,466,1058,214,330,114,233,233,"たまがわひろき"
181,"ユニフォーム","桜井大河","パー","Li","常波","ICONIC",113,110,113,122,101,110,124,118,121,41,458,473,1073,214,333,113,245,228,"さくらいたいが"
182,"ユニフォーム","芳賀良治","パー","S","常波","ICONIC",120,116,121,120,97,114,114,115,115,31,477,458,1063,217,333,121,229,229,"はがよしはる"
183,"ユニフォーム","渋谷陸斗","パー","MB","常波","ICONIC",115,114,112,119,97,120,115,115,115,31,460,465,1053,212,330,112,230,235,"しぶやりくと"
184,"ユニフォーム","池尻隼人","パー","WS","常波","ICONIC",117,116,114,120,97,116,116,117,116,31,467,465,1060,214,333,114,232,233,"いけじりはやと"
187,"ユニフォーム","十和田良樹","チョキ","WS","扇南","ICONIC",121,116,114,121,97,116,116,117,116,41,472,465,1075,218,334,114,232,233,"とわだよしき"
188,"ユニフォーム","森岳歩","チョキ","MB","扇南","ICONIC",116,114,112,118,97,120,115,115,115,31,460,465,1053,213,329,112,230,235,"もりたけあゆむ"
189,"ユニフォーム","唐松拓巳","パー","WS","扇南","ICONIC",121,117,114,121,97,117,117,117,117,31,473,468,1069,218,335,114,234,234,"からまつたくみ"
190,"ユニフォーム","田沢裕樹","チョキ","WS","扇南","ICONIC",118,116,114,119,97,117,116,117,116,31,467,466,1061,215,332,114,232,234,"たざわゆうき"
191,"ユニフォーム","子安颯真","チョキ","MB","扇南","ICONIC",118,118,112,120,97,120,115,115,115,31,468,465,1061,215,335,112,230,235,"おやすそうま"
193,"ユニフォーム","横手駿","チョキ","Li","扇南","ICONIC",113,110,113,122,101,110,122,118,120,41,458,470,1070,214,333,113,242,228,"よこてしゅん"
194,"ユニフォーム","夏瀬伊吹","チョキ","S","扇南","ICONIC",117,115,120,120,97,117,114,116,116,31,472,463,1063,214,332,120,230,233,"なつせいぶき"
195,"ユニフォーム","秋宮昇","チョキ","S","扇南","ICONIC",117,120,124,123,97,119,118,116,119,36,484,472,1089,214,340,124,237,235,"あきみやのぼる"
196,"ユニフォーム","古牧譲","グー","S","角川","ICONIC",121,119,122,122,101,116,116,120,120,41,484,472,1098,222,342,122,236,236,"こまきゆずる"
198,"ユニフォーム","浅虫快人","チョキ","WS","角川","ICONIC",118,116,114,117,97,117,115,117,117,36,465,466,1064,215,330,114,232,234,"あさむしかいと"
199,"ユニフォーム","南田大志","グー","Li","角川","ICONIC",112,110,114,121,101,110,122,118,120,41,457,470,1069,213,332,114,242,228,"みなみだたいし"
200,"ユニフォーム","湯川良明","グー","MB","角川","ICONIC",116,116,112,120,97,120,115,116,116,31,464,467,1059,213,333,112,231,236,"ぬるかわよしあき"
201,"ユニフォーム","稲垣功","グー","WS","角川","ICONIC",120,117,114,117,97,115,114,116,116,31,468,461,1057,217,331,114,230,231,"いながきいさお"
202,"ユニフォーム","馬門英治","グー","MB","角川","ICONIC",115,115,112,120,97,120,115,117,116,31,462,468,1058,212,332,112,231,237,"まかどえいじ"
203,"ユニフォーム","百沢雄大","グー","WS","角川","ICONIC",119,118,115,117,97,116,115,116,116,31,469,463,1060,216,332,115,231,232,"ひゃくざわゆうだい"
205,"ユニフォーム","照島游児","パー","WS","条善寺","ICONIC",122,121,114,122,101,114,115,118,120,41,479,467,1088,223,344,114,235,232,"てるしまゆうじ"
210,"ユニフォーム","母畑和馬","パー","MB","条善寺","ICONIC",117,115,112,120,97,121,115,117,117,41,464,470,1072,214,332,112,232,238,"ぼばたかずま"
212,"ユニフォーム","二岐丈晴","グー","S","条善寺","ICONIC",115,114,120,120,97,117,114,116,117,41,469,464,1071,212,331,120,231,233,"ふたまたたけはる"
214,"ユニフォーム","沼尻凛太郎","グー","WS","条善寺","ICONIC",120,119,113,118,97,115,115,116,116,41,470,462,1070,217,334,113,231,231,"ぬまじりりんたろう"
215,"ユニフォーム","飯坂信義","パー","MB","条善寺","ICONIC",116,115,113,117,97,121,115,116,117,41,461,469,1068,213,329,113,232,237,"いいざかのぶよし"
216,"ユニフォーム","東山勝道","パー","WS","条善寺","ICONIC",118,118,113,120,97,115,115,120,120,41,469,470,1077,215,335,113,235,235,"ひがしやまかつみち"
217,"ユニフォーム","土湯新","パー","Li","条善寺","ICONIC",112,110,114,120,101,110,120,119,120,41,456,469,1067,213,331,114,240,229,"つちゆあらた"
218,"ユニフォーム","中島猛","チョキ","WS","和久南","ICONIC",123,121,113,121,97,115,115,120,121,41,478,471,1087,220,339,113,236,235,"なかじまたける"
220,"ユニフォーム","白石優希","パー","WS","和久南","ICONIC",119,116,113,117,97,113,115,115,116,31,465,459,1052,216,330,113,231,228,"しろいしゆうき"
221,"ユニフォーム","花山一雅","チョキ","S","和久南","ICONIC",119,121,122,121,97,119,119,118,118,41,483,474,1095,216,339,122,237,237,"はなやまかずまさ"
222,"ユニフォーム","鳴子哲平","チョキ","MB","和久南","ICONIC",114,114,113,117,97,121,115,116,117,31,458,469,1055,211,328,113,232,237,"なるこてっぺい"
223,"ユニフォーム","秋保和光","チョキ","Li","和久南","ICONIC",112,110,114,120,101,110,121,119,120,41,456,470,1068,213,331,114,241,229,"あきうかずてる"
224,"ユニフォーム","松島剛","チョキ","MB","和久南","ICONIC",114,115,113,118,97,121,117,116,117,31,460,471,1059,211,330,113,234,237,"まつしまつよし"
226,"ユニフォーム","川渡瞬己","チョキ","WS","和久南","ICONIC",121,118,114,120,101,116,116,118,118,36,473,468,1078,222,339,114,234,234,"かわたびしゅんき"
228,"ユニフォーム","牛島若利","グー","WS","白鳥沢","ICONIC",130,130,114,123,101,116,116,120,120,41,497,472,1111,231,354,114,236,236,"うしじまわかとし"
235,"ユニフォーム","天童覚","グー","MB","白鳥沢","ICONIC",123,120,113,121,97,125,115,117,117,28,477,474,1076,220,338,113,232,242,"てんどうさとり"
241,"ユニフォーム","五色工","チョキ","WS","白鳥沢","ICONIC",123,120,118,123,101,118,118,121,121,36,484,478,1099,224,344,118,239,239,"ごしきつとむ"
247,"ユニフォーム","白布賢二郎","グー","S","白鳥沢","ICONIC",119,120,127,123,101,117,117,116,118,36,489,468,1094,220,344,127,235,233,"しらぶけんじろう"
253,"ユニフォーム","大平獅音","グー","WS","白鳥沢","ICONIC",123,120,118,123,97,118,118,121,121,31,484,478,1090,220,340,118,239,239,"おおひられおん"
254,"ユニフォーム","川西太一","グー","MB","白鳥沢","ICONIC",123,120,113,121,101,121,115,117,117,31,477,470,1079,224,342,113,232,238,"かわにしたいち"
256,"ユニフォーム","瀬見英太","グー","S","白鳥沢","ICONIC",117,120,121,121,101,117,117,117,118,36,479,469,1085,218,342,121,235,234,"せみえいた"
261,"ユニフォーム","山形隼人","グー","Li","白鳥沢","ICONIC",112,110,114,120,101,110,121,119,120,41,456,470,1068,213,331,114,241,229,"やまがたはやと"
262,"ユニフォーム","強羅昌己","グー","WS","生川","ICONIC",119,123,116,121,101,121,119,118,118,41,479,476,1097,220,345,116,237,239,"ごうらまさき"
263,"ユニフォーム","芦谷洋平","チョキ","WS","生川","ICONIC",119,116,119,119,101,114,113,118,117,41,473,462,1077,220,336,119,230,232,"あしやようへい"
264,"ユニフォーム","仙石伸吾","グー","MB","生川","ICONIC",118,118,112,120,97,120,115,115,115,31,468,465,1061,215,335,112,230,235,"せんごくしんご"
265,"ユニフォーム","中川俊美","グー","Li","生川","ICONIC",111,112,115,119,101,111,121,118,120,41,457,470,1069,212,332,115,241,229,"なかがわとしみ"
266,"ユニフォーム","七沢健吾","グー","S","生川","ICONIC",112,117,119,119,97,114,113,115,116,41,467,458,1063,209,333,119,229,229,"ななさわけんご"
267,"ユニフォーム","伊勢原裕次","グー","MB","生川","ICONIC",117,114,112,117,97,120,115,115,115,31,460,465,1053,214,328,112,230,235,"いせはらゆうじ"
268,"ユニフォーム","湯河浩二","グー","WS","生川","ICONIC",120,119,116,120,101,119,117,120,117,36,475,473,1085,221,340,116,234,239,"ゆかわこうじ"
269,"ユニフォーム","千鹿谷栄吉","チョキ","MB","森然","ICONIC",125,120,115,120,101,123,117,120,115,41,480,475,1097,226,341,115,232,243,"ちがやえいきち"
270,"ユニフォーム","小鹿野大樹","パー","WS","森然","ICONIC",123,119,118,119,101,117,116,118,118,36,479,469,1085,224,339,118,234,235,"おがのだいき"
271,"ユニフォーム","赤谷勇","チョキ","Li","森然","ICONIC",111,110,117,119,101,110,121,118,121,41,457,470,1069,212,330,117,242,228,"あかたにゆう"
272,"ユニフォーム","児玉勝","チョキ","WS","森然","ICONIC",119,118,112,117,97,116,118,116,117,31,466,467,1061,216,332,112,235,232,"こだままさる"
273,"ユニフォーム","名栗翔太","チョキ","S","森然","ICONIC",115,118,120,118,97,115,117,115,117,41,471,464,1073,212,333,120,234,230,"なぐりしょうた"
274,"ユニフォーム","島府典明","チョキ","WS","森然","ICONIC",117,114,117,115,97,116,114,116,115,36,463,461,1057,214,326,117,229,232,"しまふのりあき"
275,"ユニフォーム","吉川和孝","チョキ","MB","森然","ICONIC",115,114,113,117,97,119,115,114,114,31,459,462,1049,212,328,113,229,233,"よしかわかずたか"
276,"ユニフォーム","宮侑","チョキ","S","稲荷崎","ICONIC",120,129,130,127,101,114,119,114,118,36,506,465,1108,221,357,130,237,228,"みやあつむ"
283,"ユニフォーム","宮治","パー","WS","稲荷崎","ICONIC",127,120,116,121,101,123,119,122,119,31,484,483,1099,228,342,116,238,245,"みやおさむ"
289,"ユニフォーム","角名倫太郎","チョキ","MB","稲荷崎","ICONIC",126,118,112,121,101,128,114,117,117,36,477,476,1090,227,340,112,231,245,"すなりんたろう"
295,"ユニフォーム","北信介","チョキ","WS","稲荷崎","ICONIC",125,119,115,119,97,118,121,120,121,36,478,480,1091,222,335,115,242,238,"きたしんすけ"
301,"ユニフォーム","尾白アラン","チョキ","WS","稲荷崎","ICONIC",127,122,113,117,101,117,115,120,115,31,479,467,1078,228,340,113,230,237,"おじろあらん"
304,"ユニフォーム","赤木路成","チョキ","Li","稲荷崎","ICONIC",116,110,116,122,101,110,124,118,122,41,464,474,1080,217,333,116,246,228,"あかぎみちなり"
306,"ユニフォーム","大耳練","チョキ","MB","稲荷崎","ICONIC",118,114,114,120,97,129,115,115,117,31,466,476,1070,215,331,114,232,244,"おおみみれん"
307,"ユニフォーム","理石平介","チョキ","WS","稲荷崎","ICONIC",121,126,112,115,97,115,115,118,117,31,474,465,1067,218,338,112,232,233,"りせきへいすけ"
308,"ユニフォーム","銀島結","チョキ","WS","稲荷崎","ICONIC",122,117,113,118,101,117,117,117,118,36,470,469,1076,223,336,113,235,234,"ぎんじまひとし"
310,"ユニフォーム","木兎光太郎","パー","WS","梟谷","ICONIC",128,127,114,119,101,118,121,121,121,26,488,481,1096,229,347,114,242,239,"ぼくとこうたろう"
317,"ユニフォーム","木葉秋紀","パー","WS","梟谷","ICONIC",123,117,120,123,101,116,121,121,121,36,483,479,1099,224,341,120,242,237,"このはあきのり"
322,"ユニフォーム","猿杙大和","パー","WS","梟谷","ICONIC",123,119,116,121,97,121,121,123,118,41,479,483,1100,220,337,116,239,244,"さるくいやまと"
324,"ユニフォーム","小見春樹","パー","Li","梟谷","ICONIC",113,110,113,120,101,110,123,119,122,41,456,474,1072,214,331,113,245,229,"こみはるき"
326,"ユニフォーム","尾長渉","パー","MB","梟谷","ICONIC",117,117,112,116,97,121,113,114,115,36,462,463,1058,214,330,112,228,235,"おながわたる"
327,"ユニフォーム","鷲尾辰生","パー","MB","梟谷","ICONIC",121,121,112,122,97,125,115,116,115,36,476,471,1080,218,340,112,230,241,"わしおたつき"
329,"ユニフォーム","赤葦京治","グー","S","梟谷","ICONIC",119,121,126,126,101,114,121,118,119,41,492,472,1106,220,348,126,240,232,"あかあしけいじ"
337,"ユニフォーム","姫川葵","パー","WS","椿原","ICONIC",118,125,115,123,101,114,116,115,118,31,481,463,1076,219,349,115,234,229,"ひめかわあおい"
339,"ユニフォーム","当間義友","パー","MB","椿原","ICONIC",114,113,112,118,97,123,113,116,117,31,457,469,1054,211,328,112,230,239,"あてまよしとも"
340,"ユニフォーム","越後栄","パー","S","椿原","ICONIC",118,120,125,126,101,114,119,118,117,41,489,468,1099,219,347,125,236,232,"えちごさかえ"
341,"ユニフォーム","貝掛亮文","パー","Li","椿原","ICONIC",113,110,112,121,101,110,123,119,121,41,456,473,1071,214,332,112,244,229,"かいかけあきふみ"
342,"ユニフォーム","丸山一喜","グー","WS","椿原","ICONIC",120,117,113,119,101,119,117,118,117,36,469,471,1077,221,337,113,234,237,"まるやまかずき"
343,"ユニフォーム","舞子侑志","パー","WS","椿原","ICONIC",120,113,112,119,97,118,118,117,117,41,464,470,1072,217,329,112,235,235,"まいこゆうし"
344,"ユニフォーム","寺泊基希","パー","WS","椿原","ICONIC",127,116,112,119,97,117,114,118,116,36,474,465,1072,224,332,112,230,235,"てらどまりもとき"
345,"ユニフォーム","星海光来","チョキ","WS","鴎台","ICONIC",130,125,115,121,101,118,118,126,121,36,491,483,1111,231,347,115,239,244,"ほしうみこうらい"
350,"ユニフォーム","昼神幸郎","チョキ","MB","鴎台","ICONIC",125,122,112,121,101,131,115,115,117,41,480,478,1100,226,344,112,232,246,"ひるがみさちろう"
353,"ユニフォーム","佐久早聖臣","チョキ","WS","井闥山","ICONIC",129,126,114,121,101,118,123,119,120,41,490,480,1112,230,348,114,243,237,"さくさきよおみ"
356,"ユニフォーム","小森元也","チョキ","Li","井闥山","ICONIC",115,111,119,124,101,110,131,116,121,36,469,478,1084,216,336,119,252,226,"こもりもとや"
359,"ユニフォーム","大将優","パー","WS","戸美","ICONIC",123,119,118,123,101,116,122,123,118,36,483,479,1099,224,343,118,240,239,"だいしょうすぐる"
363,"ユニフォーム","沼井和馬","パー","WS","戸美","ICONIC",125,119,116,119,97,118,119,121,119,36,479,477,1089,222,335,116,238,239,"ぬまいかずま"
364,"ユニフォーム","潜尚保","パー","WS","戸美","ICONIC",123,118,114,121,97,117,115,120,117,31,476,469,1073,220,336,114,232,237,"くぐりなおやす"
366,"ユニフォーム","高千穂恵也","パー","WS","戸美","ICONIC",121,120,114,121,101,116,116,118,115,36,476,465,1078,222,342,114,231,234,"たかちほよしや"
367,"ユニフォーム","広尾倖児","パー","MB","戸美","ICONIC",116,112,112,126,97,121,115,116,116,31,466,468,1062,213,335,112,231,237,"ひろおこうじ"
369,"ユニフォーム","先島伊澄","パー","S","戸美","ICONIC",115,116,120,120,97,115,114,116,117,41,471,462,1071,212,333,120,231,231,"さきしまいすみ"
370,"ユニフォーム","背黒晃彦","パー","MB","戸美","ICONIC",117,113,112,116,97,121,115,116,115,31,458,467,1053,214,326,112,230,237,"せぐろあきひこ"
371,"ユニフォーム","赤間颯","パー","Li","戸美","ICONIC",112,110,114,120,101,110,121,119,120,41,456,470,1068,213,331,114,241,229,"あかまそう"
372,"ユニフォーム","白峰周","チョキ","S","早流川","ICONIC",117,121,123,121,101,119,119,118,117,41,482,473,1097,218,343,123,236,237,"しらみねいたる"
373,"ユニフォーム","和倉久彦","チョキ","MB","早流川","ICONIC",115,116,112,122,97,121,116,116,116,36,465,469,1067,212,335,112,232,237,"わくらひさひこ"
374,"ユニフォーム","金沢伊織","チョキ","WS","早流川","ICONIC",121,119,112,119,99,121,114,119,115,41,471,469,1080,220,337,112,229,240,"かなざわいおり"
375,"ユニフォーム","志賀智也","チョキ","MB","早流川","ICONIC",118,115,112,117,97,119,114,115,114,36,462,462,1057,215,329,112,228,234,"しがともなり"
376,"ユニフォーム","輪島友和","チョキ","Li","早流川","ICONIC",113,110,119,122,101,110,123,119,122,41,464,474,1080,214,333,119,245,229,"わじまともかず"
377,"ユニフォーム","深谷謙朗","チョキ","WS","早流川","ICONIC",123,117,113,116,99,119,118,120,120,41,469,477,1086,222,332,113,238,239,"ふかたにけんろう"
378,"ユニフォーム","山代総司","チョキ","WS","早流川","ICONIC",120,116,116,118,97,117,114,117,115,36,470,463,1066,217,331,116,229,234,"やましろそうじ"
2,"制服","日向翔陽","チョキ","MB","烏野","ICONIC",118,113,113,115,97,126,113,132,130,26,459,501,1083,215,325,113,243,258,"ひなたしょうよう"
3,"夏祭り","日向翔陽","グー","MB","烏野","ICONIC",118,111,111,113,97,128,115,134,130,26,453,507,1083,215,321,111,245,262,"ひなたしょうよう"
4,"1周年","日向翔陽","パー","MB","烏野","ICONIC",118,113,116,113,97,123,116,129,133,26,460,501,1084,215,323,116,249,252,"ひなたしょうよう"
5,"王冠","日向翔陽","チョキ","MB","烏野","ICONIC",121,113,114,115,97,128,114,134,131,26,463,507,1093,218,325,114,245,262,"ひなたしょうよう"
6,"ジャージ","日向翔陽","グー","MB","烏野","ICONIC",120,113,114,115,97,128,116,133,132,26,462,509,1094,217,325,114,248,261,"ひなたしょうよう"
7,"遊園地","日向翔陽","パー","MB","烏野","ICONIC",120,113,114,116,97,129,114,135,132,26,463,510,1096,217,326,114,246,264,"ひなたしょうよう"
8,"ハロウィン","日向翔陽","チョキ","MB","烏野","ICONIC",122,114,115,116,97,130,116,136,132,26,467,514,1104,219,327,115,248,266,"ひなたしょうよう"
10,"制服","影山飛雄","チョキ","S","烏野","ICONIC",124,126,132,126,101,116,121,116,116,31,508,469,1109,225,353,132,237,232,"かげやまとびお"
11,"夏祭り","影山飛雄","グー","S","烏野","ICONIC",122,128,132,128,101,114,123,114,116,31,510,467,1109,223,357,132,239,228,"かげやまとびお"
12,"Xmas","影山飛雄","パー","S","烏野","ICONIC",125,128,135,128,101,117,121,117,116,31,516,471,1119,226,357,135,237,234,"かげやまとびお"
13,"1周年","影山飛雄","チョキ","S","烏野","ICONIC",127,127,134,127,101,118,121,117,116,31,515,472,1119,228,355,134,237,235,"かげやまとびお"
14,"王冠","影山飛雄","グー","S","烏野","ICONIC",125,129,133,126,101,116,124,117,118,31,513,475,1120,226,356,133,242,233,"かげやまとびお"
15,"ジャージ","影山飛雄","パー","S","烏野","ICONIC",126,130,137,129,101,118,122,118,117,31,522,475,1129,227,360,137,239,236,"かげやまとびお"
16,"2周年","影山飛雄","チョキ","S","烏野","ICONIC",126,130,136,130,101,118,123,118,118,31,522,477,1131,227,361,136,241,236,"かげやまとびお"
17,"中学生","影山飛雄","グー","S","烏野","ICONIC",128,129,136,129,101,119,122,119,117,31,522,477,1131,229,359,136,239,238,"かげやまとびお"
18,"文化祭3","影山飛雄","パー","S","烏野","ICONIC",127,131,139,131,101,119,123,119,118,31,528,479,1139,228,363,139,241,238,"かげやまとびお"
29,"水着","山口忠","チョキ","MB","烏野","ICONIC",115,126,119,123,97,121,119,115,120,31,483,475,1086,212,346,119,239,236,"やまぐちだだし"
30,"雪遊び","山口忠","グー","MB","烏野","ICONIC",113,128,116,125,97,119,122,115,120,31,482,476,1086,210,350,116,242,234,"やまぐちだだし"
31,"スパイ","山口忠","パー","MB","烏野","ICONIC",116,129,119,125,97,121,121,116,121,31,489,479,1096,213,351,119,242,237,"やまぐちだだし"
32,"ジャージ","山口忠","チョキ","MB","烏野","ICONIC",118,126,120,123,97,122,121,117,122,31,487,482,1097,215,346,120,243,239,"やまぐちだだし"
33,"焼き芋","山口忠","グー","MB","烏野","ICONIC",117,131,120,127,97,122,122,117,122,31,495,483,1106,214,355,120,244,239,"やまぐちだだし"
35,"制服","西谷夕","グー","Li","烏野","ICONIC",118,111,123,124,101,111,133,117,126,29,476,487,1093,219,336,123,259,228,"にしのやゆう"
36,"Xmas","西谷夕","グー","Li","烏野","ICONIC",119,111,125,125,101,111,136,118,128,29,480,493,1103,220,337,125,264,229,"にしのやゆう"
37,"バーガー","西谷夕","パー","Li","烏野","ICONIC",117,111,127,123,101,111,137,116,130,29,478,494,1102,218,335,127,267,227,"にしのやゆう"
38,"文化祭2","西谷夕","チョキ","Li","烏野","ICONIC",120,112,126,126,101,112,138,119,130,29,484,499,1113,221,339,126,268,231,"にしのやゆう"
39,"2周年","西谷夕","グー","Li","烏野","ICONIC",119,112,127,126,101,112,139,119,130,29,484,500,1114,220,339,127,269,231,"にしのやゆう"
40,"ハロウィン","西谷夕","パー","Li","烏野","ICONIC",121,113,127,127,101,113,140,120,132,29,488,505,1123,222,341,127,272,233,"にしのやゆう"
42,"制服","田中龍之介","チョキ","WS","烏野","ICONIC",128,120,114,115,97,117,118,118,116,27,477,469,1070,225,332,114,234,235,"たなかりゅうのすけ"
43,"新年","田中龍之介","グー","WS","烏野","ICONIC",131,117,114,112,97,118,118,120,116,27,474,472,1070,228,326,114,234,238,"たなかりゅうのすけ"
44,"RPG","田中龍之介","パー","WS","烏野","ICONIC",127,118,113,113,97,120,120,119,117,27,471,476,1071,224,328,113,237,239,"たなかりゅうのすけ"
45,"仮装","田中龍之介","パー","WS","烏野","ICONIC",131,120,115,115,97,119,119,120,117,27,481,475,1080,228,332,115,236,239,"たなかりゅうのすけ"
46,"Xmas3","田中龍之介","グー","WS","烏野","ICONIC",129,120,114,115,97,120,120,121,118,27,478,479,1081,226,332,114,238,241,"たなかりゅうのすけ"
48,"プール掃除","澤村大地","グー","WS","烏野","ICONIC",121,119,117,124,101,117,127,118,121,51,481,483,1116,222,344,117,248,235,"さわむらだいち"
49,"文化祭","澤村大地","パー","WS","烏野","ICONIC",123,117,117,122,101,118,127,119,121,51,479,485,1116,224,340,117,248,237,"さわむらだいち"
50,"RPG","澤村大地","チョキ","WS","烏野","ICONIC",119,122,116,126,101,115,128,117,122,51,483,482,1117,220,349,116,250,232,"さわむらだいち"
51,"新年2","澤村大地","グー","WS","烏野","ICONIC",124,119,118,124,101,118,129,120,123,51,485,490,1127,225,344,118,252,238,"さわむらだいち"
52,"Xmas3","澤村大地","パー","WS","烏野","ICONIC",122,123,117,126,101,117,130,119,122,51,488,488,1128,223,350,117,252,236,"さわむらだいち"
54,"プール掃除","菅原考支","チョキ","S","烏野","ICONIC",116,118,127,126,101,117,117,116,116,46,487,466,1100,217,345,127,233,233,"すがわらこうし"
55,"文化祭","菅原考支","チョキ","S","烏野","ICONIC",115,120,126,128,101,115,118,114,117,46,489,464,1100,216,349,126,235,229,"すがわらこうし"
56,"梅雨","菅原考支","パー","S","烏野","ICONIC",116,122,129,129,101,115,120,114,118,46,496,467,1110,217,352,129,238,229,"すがわらこうし"
57,"Xmas2","菅原考支","チョキ","S","烏野","ICONIC",118,120,127,128,101,117,119,116,118,46,493,470,1110,219,349,127,237,233,"すがわらこうし"
58,"夏祭り2","菅原考支","グー","S","烏野","ICONIC",114,118,130,127,101,115,119,114,118,46,489,466,1102,215,346,130,237,229,"すがわらこうし"
60,"プール掃除","東峰旭","グー","WS","烏野","ICONIC",124,124,110,119,97,118,112,112,111,29,477,453,1056,221,340,110,223,230,"あずまねあさひ"
61,"サバゲ","東峰旭","パー","WS","烏野","ICONIC",133,125,114,118,97,123,116,120,115,29,490,474,1090,230,340,114,231,243,"あずまねあさひ"
62,"夏祭り2","東峰旭","チョキ","WS","烏野","ICONIC",135,125,115,118,97,126,117,122,116,29,493,481,1100,232,340,115,233,248,"あずまねあさひ"
65,"探偵","縁下力","チョキ","WS","烏野","ICONIC",116,118,113,121,99,114,121,117,115,41,468,467,1075,215,338,113,236,231,"えんのしたちから"
66,"RPG","縁下力","グー","WS","烏野","ICONIC",114,119,111,122,99,113,123,116,117,41,466,469,1075,213,340,111,240,229,"えんのしたちから"
67,"花火","縁下力","パー","WS","烏野","ICONIC",119,118,114,121,99,115,123,118,117,41,472,473,1085,218,338,114,240,233,"えんのしたちから"
69,"妖","木下久志","チョキ","WS","烏野","ICONIC",120,125,114,118,101,116,116,118,116,31,477,466,1075,221,344,114,232,234,"きのしたひさし"
72,"制服","孤爪研磨","パー","S","音駒","ICONIC",114,118,130,132,101,114,118,114,116,41,494,462,1098,215,351,130,234,228,"こづめけんま"
73,"夏祭り","孤爪研磨","チョキ","S","音駒","ICONIC",112,118,132,132,101,112,120,112,118,41,494,462,1098,213,351,132,238,224,"こづめけんま"
74,"1周年","孤爪研磨","グー","S","音駒","ICONIC",115,120,133,134,101,115,118,115,116,41,502,464,1108,216,355,133,234,230,"こづめけんま"
75,"スパイ","孤爪研磨","パー","S","音駒","ICONIC",115,121,131,134,101,114,120,114,118,41,501,466,1109,216,356,131,238,228,"こづめけんま"
76,"Xmas2","孤爪研磨","チョキ","S","音駒","ICONIC",116,122,135,135,101,116,119,116,117,41,508,468,1118,217,358,135,236,232,"こづめけんま"
77,"中学生","孤爪研磨","グー","S","音駒","ICONIC",116,121,134,135,101,117,120,117,117,41,506,471,1119,217,357,134,237,234,"こづめけんま"
78,"ハロウィン","孤爪研磨","パー","S","音駒","ICONIC",116,123,132,136,101,115,122,115,119,41,507,471,1120,217,360,132,241,230,"こづめけんま"
88,"探偵","灰羽リエーフ","パー","MB","音駒","ICONIC",120,115,114,119,97,126,116,118,116,27,468,476,1068,217,331,114,232,244,"はいばりえーふ"
89,"路地裏","灰羽リエーフ","チョキ","MB","音駒","ICONIC",123,113,114,117,97,128,115,120,115,27,467,478,1069,220,327,114,230,248,"はいばりえーふ"
90,"文化祭2","灰羽リエーフ","グー","MB","音駒","ICONIC",121,112,112,117,97,129,118,121,117,27,462,485,1071,218,326,112,235,250,"はいばりえーふ"
91,"サバゲ2","灰羽リエーフ","パー","MB","音駒","ICONIC",123,115,115,119,97,128,117,120,118,27,472,483,1079,220,331,115,235,248,"はいばりえーふ"
98,"バーガー","福永招平","チョキ","WS","音駒","ICONIC",120,116,115,116,97,116,117,118,116,29,467,467,1060,217,329,115,233,234,"ふくながしょうへい"
99,"アート2","福永招平","グー","WS","音駒","ICONIC",123,114,115,114,97,118,116,120,115,29,466,469,1061,220,325,115,231,238,"ふくながしょうへい"
103,"新年","山本猛虎","チョキ","WS","音駒","ICONIC",126,122,115,123,101,116,117,118,116,29,486,467,1083,227,346,115,233,234,"やまもとたけとら"
105,"焼き芋","芝山優生","チョキ","Li","音駒","ICONIC",116,111,116,121,97,111,126,120,123,33,464,480,1074,213,329,116,249,231,"しばやまゆうき"
107,"遊園地","海信之","チョキ","WS","音駒","ICONIC",127,124,115,123,101,117,119,119,117,51,489,472,1113,228,348,115,236,236,"かいのぶゆき"
111,"制服","青根高伸","グー","MB","伊達工","ICONIC",128,114,113,123,97,133,116,119,116,31,478,484,1090,225,334,113,232,252,"あおねたかのぶ"
112,"プール掃除","青根高伸","パー","MB","伊達工","ICONIC",130,114,113,123,97,131,116,119,116,31,480,482,1090,227,334,113,232,250,"あおねたかのぶ"
113,"キャンプ","青根高伸","チョキ","MB","伊達工","ICONIC",130,114,114,123,97,136,117,121,117,31,481,491,1100,227,334,114,234,257,"あおねたかのぶ"
114,"甲冑","青根高伸","パー","MB","伊達工","ICONIC",131,114,114,123,97,134,119,120,118,31,482,491,1101,228,334,114,237,254,"あおねたかのぶ"
115,"Xmas3","青根高伸","グー","MB","伊達工","ICONIC",131,115,115,124,97,138,118,123,118,31,485,497,1110,228,336,115,236,261,"あおねたかのぶ"
119,"路地裏","二口堅治","パー","WS","伊達工","ICONIC",130,120,115,126,101,130,116,121,119,39,491,486,1117,231,347,115,235,251,"ふたくちけんじ"
124,"制服","黄金川貫至","グー","S","伊達工","ICONIC",120,121,126,124,97,128,117,117,117,29,491,479,1096,217,342,126,234,245,"こがねがわかんじ"
125,"職業体験","黄金川貫至","パー","S","伊達工","ICONIC",122,123,126,126,97,126,115,116,116,29,497,473,1096,219,346,126,231,242,"こがねがわかんじ"
126,"スパイ","黄金川貫至","チョキ","S","伊達工","ICONIC",121,121,128,124,97,131,118,119,117,29,494,485,1105,218,342,128,235,250,"こがねがわかんじ"
127,"焼き芋","黄金川貫至","グー","S","伊達工","ICONIC",121,123,130,125,97,128,119,117,118,29,499,482,1107,218,345,130,237,245,"こがねがわかんじ"
130,"水着2","女川太郎","パー","WS","伊達工","ICONIC",125,121,114,121,97,122,116,120,121,31,481,479,1088,222,339,114,237,242,"おながわたろう"
136,"甲冑","鎌先靖志","パー","MB","伊達工","ICONIC",124,120,113,122,97,126,116,118,116,31,479,476,1083,221,339,113,232,244,"かまさきやすし"
155,"雪遊び","金田一勇太郎","チョキ","MB","青城","ICONIC",121,114,113,117,97,123,116,118,116,31,465,473,1066,218,328,113,232,241,"きんだいちゆうたろう"
156,"カンフー","金田一勇太郎","チョキ","MB","青城","ICONIC",120,117,112,119,97,121,118,116,117,31,468,472,1068,217,333,112,235,237,"きんだいちゆうたろう"
157,"中学生","金田一勇太郎","パー","MB","青城","ICONIC",123,112,113,115,97,126,115,121,116,31,463,478,1069,220,324,113,231,247,"きんだいちゆうたろう"
159,"梅雨","京谷賢太郎","グー","WS","青城","ICONIC",131,128,113,120,97,115,111,119,122,27,492,467,1083,228,345,113,233,234,"きょうたにけんたろう"
160,"水着2","京谷賢太郎","パー","WS","青城","ICONIC",134,125,111,118,97,117,112,121,123,27,488,473,1085,231,340,111,235,238,"きょうたにけんたろう"
162,"職業体験","国見英","パー","WS","青城","ICONIC",122,118,115,120,97,115,117,119,117,31,475,468,1071,219,335,115,234,234,"くにみあきら"
163,"路地裏","国見英","チョキ","WS","青城","ICONIC",121,116,114,119,97,118,119,120,118,31,470,475,1073,218,332,114,237,238,"くにみあきら"
164,"カンフー","国見英","グー","WS","青城","ICONIC",126,116,117,118,97,115,117,121,115,31,477,468,1073,223,331,117,232,236,"くにみあきら"
165,"中学生","国見英","パー","WS","青城","ICONIC",121,116,115,119,97,121,122,122,120,31,471,485,1084,218,332,115,242,243,"くにみあきら"
168,"アート","松川一静","パー","MB","青城","ICONIC",119,114,113,118,97,123,116,118,116,31,464,473,1065,216,329,113,232,241,"まつかわいっせい"
169,"バカンス","松川一静","チョキ","MB","青城","ICONIC",118,117,111,119,97,125,115,119,115,31,465,474,1067,215,333,111,230,244,"まつかわいっせい"
170,"焼き芋","松川一静","グー","MB","青城","ICONIC",121,114,115,118,97,126,117,120,116,31,468,479,1075,218,329,115,233,246,"まつかわいっせい"
172,"アート","花巻貴大","パー","WS","青城","ICONIC",121,119,117,120,97,118,117,119,119,31,477,473,1078,218,336,117,236,237,"はなまきたかひろ"
173,"バーガー","花巻貴大","チョキ","WS","青城","ICONIC",124,117,119,118,97,118,117,121,117,31,478,473,1079,221,332,119,234,239,"はなまきたかひろ"
174,"妖","花巻貴大","グー","WS","青城","ICONIC",120,122,116,122,97,116,119,117,120,31,480,472,1080,217,341,116,239,233,"はなまきたかひろ"
175,"焼き芋","花巻貴大","パー","WS","青城","ICONIC",125,119,118,120,97,120,118,121,120,31,482,479,1089,222,336,118,238,241,"はなまきたかひろ"
185,"文化祭2","池尻隼人","チョキ","WS","常波","ICONIC",120,119,115,121,97,117,117,120,117,31,475,471,1074,217,337,115,234,237,"いけじりはやと"
186,"遊園地","池尻隼人","グー","WS","常波","ICONIC",119,122,114,123,97,115,119,118,118,31,478,470,1076,216,342,114,237,233,"いけじりはやと"
192,"サバゲ2","子安颯真","グー","MB","扇南","ICONIC",121,119,113,121,97,123,116,118,116,31,474,473,1075,218,337,113,232,241,"おやすそうま"
197,"雪遊び","古牧譲","パー","S","角川","ICONIC",122,122,125,125,101,117,117,121,121,41,494,476,1112,223,348,125,238,238,"こまきゆずる"
204,"職業体験","百沢雄大","パー","WS","角川","ICONIC",122,121,116,118,97,117,116,119,117,31,477,469,1074,219,336,116,233,236,"ひゃくざわゆうだい"
206,"制服","照島游児","チョキ","WS","条善寺","ICONIC",125,124,115,123,101,115,116,121,121,41,487,473,1102,226,348,115,237,236,"てるしまゆうじ"
207,"雪遊び","照島游児","グー","WS","条善寺","ICONIC",128,121,115,120,101,116,116,123,121,41,484,476,1102,229,342,115,237,239,"てるしまゆうじ"
208,"スパイ","照島游児","パー","WS","条善寺","ICONIC",126,127,115,125,101,115,118,122,122,41,493,477,1112,227,353,115,240,237,"てるしまゆうじ"
209,"妖","照島游児","チョキ","WS","条善寺","ICONIC",128,125,115,123,101,117,118,123,122,41,491,480,1113,229,349,115,240,240,"てるしまゆうじ"
211,"アート2","母畑和馬","チョキ","MB","条善寺","ICONIC",120,116,113,121,97,124,116,120,118,41,470,478,1086,217,334,113,234,244,"ぼばたかずま"
213,"制服","二岐丈晴","パー","S","条善寺","ICONIC",116,117,123,123,97,118,115,117,118,41,479,468,1085,213,337,123,233,235,"ふたまたたけはる"
219,"スパイ","中島猛","グー","WS","和久南","ICONIC",126,124,114,122,97,116,116,123,122,41,486,477,1101,223,343,114,238,239,"なかじまたける"
225,"妖","松島剛","グー","MB","和久南","ICONIC",117,116,114,119,97,124,118,119,118,31,466,479,1073,214,332,114,236,243,"まつしまつよし"
229,"水着","牛島若利","パー","WS","白鳥沢","ICONIC",133,133,115,124,101,117,117,123,121,41,505,478,1125,234,358,115,238,240,"うしじまわかとし"
230,"新年","牛島若利","チョキ","WS","白鳥沢","ICONIC",136,135,115,125,101,115,115,122,120,41,511,472,1125,237,361,115,235,237,"うしじまわかとし"
231,"制服","牛島若利","グー","WS","白鳥沢","ICONIC",135,136,115,126,101,117,118,124,122,41,512,481,1135,236,363,115,240,241,"うしじまわかとし"
232,"文化祭2","牛島若利","パー","WS","白鳥沢","ICONIC",136,134,116,125,101,119,117,125,121,41,511,482,1135,237,360,116,238,244,"うしじまわかとし"
233,"妖","牛島若利","チョキ","WS","白鳥沢","ICONIC",136,138,116,128,101,118,120,125,123,41,518,486,1146,237,367,116,243,243,"うしじまわかとし"
234,"ハロウィン","牛島若利","グー","WS","白鳥沢","ICONIC",138,135,117,126,101,121,118,127,122,41,516,488,1146,239,362,117,240,248,"うしじまわかとし"
236,"水着","天童覚","パー","MB","白鳥沢","ICONIC",126,121,114,122,97,128,116,120,118,28,483,482,1090,223,340,114,234,248,"てんどうさとり"
237,"文化祭","天童覚","チョキ","MB","白鳥沢","ICONIC",127,119,114,120,97,130,115,122,118,28,480,485,1090,224,336,114,233,252,"てんどうさとり"
238,"制服","天童覚","グー","MB","白鳥沢","ICONIC",129,119,116,122,97,128,114,122,116,28,486,480,1091,226,338,116,230,250,"てんどうさとり"
239,"仮装","天童覚","パー","MB","白鳥沢","ICONIC",128,121,115,122,97,131,117,122,119,28,486,489,1100,225,340,115,236,253,"てんどうさとり"
240,"遊園地","天童覚","チョキ","MB","白鳥沢","ICONIC",128,121,114,123,97,131,117,123,119,28,486,490,1101,225,341,114,236,254,"てんどうさとり"
242,"職業体験","五色工","グー","WS","白鳥沢","ICONIC",126,123,119,124,101,119,119,124,122,41,492,484,1118,227,348,119,241,243,"ごしきつとむ"
243,"制服","五色工","パー","WS","白鳥沢","ICONIC",128,126,117,126,101,117,119,122,122,41,497,480,1119,229,353,117,241,239,"ごしきつとむ"
244,"バカンス","五色工","チョキ","WS","白鳥沢","ICONIC",129,121,117,122,101,121,120,126,122,41,489,489,1120,230,344,117,242,247,"ごしきつとむ"
245,"Xmas2","五色工","グー","WS","白鳥沢","ICONIC",128,123,120,124,101,122,120,126,123,41,495,491,1128,229,348,120,243,248,"ごしきつとむ"
246,"サバゲ2","五色工","パー","WS","白鳥沢","ICONIC",126,126,120,125,101,119,122,125,124,41,497,490,1129,227,352,120,246,244,"ごしきつとむ"
255,"路地裏","川西太一","パー","MB","白鳥沢","ICONIC",126,121,114,122,101,124,116,120,118,31,483,478,1093,227,344,114,234,244,"かわにしたいち"
284,"RPG","宮治","パー","WS","稲荷崎","ICONIC",130,123,117,122,101,124,120,125,120,31,492,489,1113,231,346,117,240,249,"みやおさむ"
285,"カンフー","宮治","グー","WS","稲荷崎","ICONIC",131,121,120,120,101,122,122,125,122,31,492,491,1115,232,342,120,244,247,"みやおさむ"
286,"遊園地","宮治","パー","WS","稲荷崎","ICONIC",133,121,116,120,101,126,121,127,120,31,490,494,1116,234,342,116,241,253,"みやおさむ"
287,"夏祭り2","宮治","チョキ","WS","稲荷崎","ICONIC",134,124,117,122,101,125,122,127,122,31,497,496,1125,235,347,117,244,252,"みやおさむ"
288,"制服","宮治","グー","WS","稲荷崎","ICONIC",131,127,117,125,101,124,122,126,123,31,500,495,1127,232,353,117,245,250,"みやおさむ"
302,"雪遊び","尾白アラン","チョキ","WS","稲荷崎","ICONIC",130,125,114,118,101,118,116,123,116,31,487,473,1092,231,344,114,232,241,"おじろあらん"
303,"夏祭り2","尾白アラン","グー","WS","稲荷崎","ICONIC",130,128,112,120,101,116,118,121,116,31,490,471,1093,231,349,112,234,237,"おじろあらん"
305,"Xmas2","赤木路成","グー","Li","稲荷崎","ICONIC",117,111,119,123,101,111,127,119,125,41,470,482,1094,218,335,119,252,230,"あかぎみちなり"
311,"夏祭り","木兎光太郎","チョキ","WS","梟谷","ICONIC",131,130,115,120,101,119,122,124,122,26,496,487,1110,232,351,115,244,243,"ぼくとこうたろう"
312,"Xmas","木兎光太郎","グー","WS","梟谷","ICONIC",133,128,115,118,101,121,122,126,121,26,494,490,1111,234,347,115,243,247,"ぼくとこうたろう"
313,"制服","木兎光太郎","パー","WS","梟谷","ICONIC",134,127,115,117,101,119,125,124,124,26,493,492,1112,235,345,115,249,243,"ぼくとこうたろう"
314,"キャンプ","木兎光太郎","チョキ","WS","梟谷","ICONIC",134,131,115,120,101,121,124,125,123,26,500,493,1120,235,352,115,247,246,"ぼくとこうたろう"
315,"2周年","木兎光太郎","グー","WS","梟谷","ICONIC",132,130,115,120,101,122,125,126,124,26,497,497,1121,233,351,115,249,248,"ぼくとこうたろう"
316,"焼き芋","木兎光太郎","パー","WS","梟谷","ICONIC",137,132,116,121,101,123,125,126,124,26,506,498,1131,238,354,116,249,249,"ぼくとこうたろう"
323,"ハロウィン","猿杙大和","チョキ","WS","梟谷","ICONIC",126,122,117,122,97,122,122,126,119,41,487,489,1114,223,341,117,241,248,"さるくいやまと"
325,"路地裏2","小見春樹","チョキ","Li","梟谷","ICONIC",114,111,116,121,101,111,126,120,125,41,462,482,1086,215,333,116,251,231,"こみはるき"
330,"夏祭り","赤葦京治","パー","S","梟谷","ICONIC",120,124,129,129,101,115,122,119,120,41,502,476,1120,221,354,129,242,234,"あかあしけいじ"
331,"制服","赤葦京治","チョキ","S","梟谷","ICONIC",118,126,132,131,101,112,122,117,120,41,507,471,1120,219,358,132,242,229,"あかあしけいじ"
332,"バーガー","赤葦京治","グー","S","梟谷","ICONIC",118,121,131,128,101,118,122,121,120,41,498,481,1121,219,350,131,242,239,"あかあしけいじ"
333,"仮装","赤葦京治","パー","S","梟谷","ICONIC",121,126,132,131,101,115,123,119,121,41,510,478,1130,222,358,132,244,234,"あかあしけいじ"
334,"妖","赤葦京治","チョキ","S","梟谷","ICONIC",121,127,129,132,101,115,124,120,121,41,509,480,1131,222,360,129,245,235,"あかあしけいじ"
335,"焼き芋","赤葦京治","グー","S","梟谷","ICONIC",122,128,134,132,101,116,124,120,122,41,516,482,1140,223,361,134,246,236,"あかあしけいじ"
336,"Xmas3","赤葦京治","パー","S","梟谷","ICONIC",122,128,133,133,101,116,125,120,122,41,516,483,1141,223,362,133,247,236,"あかあしけいじ"
338,"花火","姫川葵","チョキ","WS","椿原","ICONIC",121,128,116,124,101,115,117,118,119,31,489,469,1090,222,353,116,236,233,"ひめかわあおい"
351,"Xmas","昼神幸郎","グー","MB","鴎台","ICONIC",128,123,113,122,101,134,116,118,118,41,486,486,1114,229,346,113,234,252,"ひるがみさちろう"
352,"職業体験2","昼神幸郎","パー","MB","鴎台","ICONIC",129,121,113,120,101,137,115,121,118,41,483,491,1116,230,342,113,233,258,"ひるがみさちろう"
354,"サバゲ","佐久早聖臣","グー","WS","井闥山","ICONIC",132,129,115,122,101,119,124,122,121,41,498,486,1126,233,352,115,245,241,"さくさきよおみ"
355,"新年2","佐久早聖臣","パー","WS","井闥山","ICONIC",135,127,115,120,101,121,123,124,120,41,497,488,1127,236,348,115,243,245,"さくさきよおみ"
365,"バーガー","潜尚保","チョキ","WS","戸美","ICONIC",126,121,115,122,97,118,116,123,118,31,484,475,1087,223,340,115,234,241,"くぐりなおやす"
368,"カンフー","広尾倖児","チョキ","MB","戸美","ICONIC",119,113,113,127,97,124,116,119,117,31,472,476,1076,216,337,113,233,243,"ひろおこうじ"
20,"水着","月島蛍","グー","MB","烏野","ICONIC",119,113,113,127,97,130,115,119,116,36,472,480,1085,216,337,113,231,249,"つきしまけい"
21,"職業体験","月島蛍","パー","MB","烏野","ICONIC",122,115,113,128,97,128,113,118,115,36,478,474,1085,219,340,113,228,246,"つきしまけい"
22,"1周年","月島蛍","パー","MB","烏野","ICONIC",121,111,113,125,97,133,112,122,116,36,470,483,1086,218,333,113,228,255,"つきしまけい"
23,"花火","月島蛍","グー","MB","烏野","ICONIC",121,113,114,127,97,133,116,121,117,36,475,487,1095,218,337,114,233,254,"つきしまけい"
24,"ジャージ","月島蛍","パー","MB","烏野","ICONIC",122,113,116,127,97,131,116,121,117,36,478,485,1096,219,337,116,233,252,"つきしまけい"
25,"2周年","月島蛍","チョキ","MB","烏野","ICONIC",122,114,115,128,97,135,117,123,118,36,479,493,1105,219,339,115,235,258,"つきしまけい"
26,"アート2","月島蛍","グー","MB","烏野","ICONIC",124,114,115,128,97,134,118,122,119,36,481,493,1107,221,339,115,237,256,"つきしまけい"
27,"焼き芋","月島蛍","パー","MB","烏野","ICONIC",123,115,116,129,97,137,118,125,119,36,483,499,1115,220,341,116,237,262,"つきしまけい"
101,"新年","犬岡走","チョキ","MB","音駒","ICONIC",118,115,114,119,97,124,116,119,116,36,466,475,1074,215,331,114,232,243,"いぬおかそう"
296,"Xmas","北信介","グー","WS","稲荷崎","ICONIC",128,122,116,120,97,119,122,123,122,36,486,486,1105,225,339,116,244,242,"きたしんすけ"
297,"スパイ","北信介","パー","WS","稲荷崎","ICONIC",128,125,114,122,97,117,124,121,122,36,489,484,1106,225,344,114,246,238,"きたしんすけ"
298,"新年2","北信介","チョキ","WS","稲荷崎","ICONIC",131,120,115,118,97,119,124,123,124,36,484,490,1107,228,335,115,248,242,"きたしんすけ"
299,"職業体験2","北信介","グー","WS","稲荷崎","ICONIC",131,122,117,120,97,121,123,125,123,36,490,492,1115,228,339,117,246,246,"きたしんすけ"
300,"制服","北信介","パー","WS","稲荷崎","ICONIC",129,125,116,123,97,119,124,124,124,36,493,491,1117,226,345,116,248,243,"きたしんすけ"
328,"ハロウィン","鷲尾辰生","チョキ","MB","梟谷","ICONIC",124,122,113,123,97,128,116,119,116,36,482,479,1094,221,342,113,232,247,"わしおたつき"
80,"制服","黒尾鉄朗","グー","MB","音駒","ICONIC",129,122,115,120,101,132,118,119,116,36,486,485,1108,230,343,115,234,251,"くろおてつろう"
81,"夏祭り","黒尾鉄朗","パー","MB","音駒","ICONIC",131,125,115,123,101,129,118,116,114,36,494,477,1108,232,349,115,232,245,"くろおてつろう"
82,"1周年","黒尾鉄朗","チョキ","MB","音駒","ICONIC",132,119,115,120,101,129,121,117,118,36,486,485,1108,233,340,115,239,246,"くろおてつろう"
83,"キャンプ","黒尾鉄朗","グー","MB","音駒","ICONIC",131,122,116,120,101,135,119,121,117,36,489,492,1118,232,343,116,236,256,"くろおてつろう"
84,"文化祭2","黒尾鉄朗","パー","MB","音駒","ICONIC",132,122,116,120,101,133,120,121,118,36,490,492,1119,233,343,116,238,254,"くろおてつろう"
85,"中学生","黒尾鉄朗","チョキ","MB","音駒","ICONIC",132,123,117,121,101,136,120,122,118,36,493,496,1126,233,345,117,238,258,"くろおてつろう"
86,"ハロウィン","黒尾鉄朗","グー","MB","音駒","ICONIC",134,123,117,121,101,134,121,123,119,36,495,497,1129,235,345,117,240,257,"くろおてつろう"
93,"1周年","夜久衛輔","チョキ","Li","音駒","ICONIC",119,112,119,125,101,111,133,117,125,36,475,486,1098,220,338,119,258,228,"やくもりすけ"
94,"花火","夜久衛輔","グー","Li","音駒","ICONIC",117,110,120,124,101,111,136,117,127,36,471,491,1099,218,335,120,263,228,"やくもりすけ"
95,"2周年","夜久衛輔","パー","Li","音駒","ICONIC",120,113,120,126,101,112,135,118,127,36,479,492,1108,221,340,120,262,230,"やくもりすけ"
96,"水着2","夜久衛輔","チョキ","Li","音駒","ICONIC",119,113,121,126,101,112,136,118,127,36,479,493,1109,220,340,121,263,230,"やくもりすけ"
117,"制服","二口堅治","チョキ","WS","伊達工","ICONIC",127,122,115,128,101,128,117,119,120,36,492,484,1113,228,351,115,237,247,"ふたくちけんじ"
118,"プール掃除","二口堅治","グー","WS","伊達工","ICONIC",124,119,115,126,101,131,120,119,122,36,484,492,1113,225,346,115,242,250,"ふたくちけんじ"
120,"甲冑","二口堅治","チョキ","WS","伊達工","ICONIC",126,125,114,130,101,126,119,117,121,36,495,483,1115,227,356,114,240,243,"ふたくちけんじ"
121,"2周年","二口堅治","グー","WS","伊達工","ICONIC",129,122,116,128,101,131,118,121,121,36,495,491,1123,230,351,116,239,252,"ふたくちけんじ"
122,"アート2","二口堅治","パー","WS","伊達工","ICONIC",131,122,116,128,101,130,118,121,121,36,497,490,1124,232,351,116,239,251,"ふたくちけんじ"
132,"職業体験2","作並浩輔","パー","Li","伊達工","ICONIC",114,111,115,122,101,111,127,120,123,36,462,481,1080,215,334,115,250,231,"さくなみこうすけ"
139,"プール掃除","及川徹","パー","S","青城","ICONIC",128,130,132,130,101,115,116,116,116,36,520,463,1120,229,361,132,232,231,"おいかわとおる"
140,"Xmas","及川徹","チョキ","S","青城","ICONIC",130,127,135,127,101,118,114,119,114,36,519,465,1121,231,355,135,228,237,"おいかわとおる"
141,"制服","及川徹","グー","S","青城","ICONIC",131,127,131,127,101,117,116,118,116,36,516,467,1120,232,355,131,232,235,"おいかわとおる"
142,"路地裏","及川徹","パー","S","青城","ICONIC",129,133,134,132,101,115,117,116,117,36,528,465,1130,230,366,134,234,231,"おいかわとおる"
143,"バカンス","及川徹","チョキ","S","青城","ICONIC",129,130,135,130,101,117,118,118,117,36,524,470,1131,230,361,135,235,235,"おいかわとおる"
144,"2周年","及川徹","グー","S","青城","ICONIC",131,130,133,131,101,115,119,118,118,36,525,470,1132,232,362,133,237,233,"おいかわとおる"
145,"夏祭り2","及川徹","パー","S","青城","ICONIC",130,135,136,133,101,116,118,117,118,36,534,469,1140,231,369,136,236,233,"おいかわとおる"
147,"プール掃除","岩泉一","グー","WS","青城","ICONIC",128,124,115,123,101,118,116,119,117,36,490,470,1097,229,348,115,233,237,"いわいずみはじめ"
148,"制服","岩泉一","パー","WS","青城","ICONIC",127,126,114,125,101,116,117,117,118,36,492,468,1097,228,352,114,235,233,"いわいずみはじめ"
149,"サバゲ","岩泉一","チョキ","WS","青城","ICONIC",127,122,114,122,101,120,118,120,118,36,485,476,1098,228,345,114,236,240,"いわいずみはじめ"
150,"バカンス","岩泉一","グー","WS","青城","ICONIC",130,122,113,121,101,120,116,120,118,36,486,474,1097,231,344,113,234,240,"いわいずみはじめ"
151,"路地裏2","岩泉一","パー","WS","青城","ICONIC",131,124,116,123,101,120,117,121,118,36,494,476,1107,232,348,116,235,241,"いわいずみはじめ"
152,"夏祭り2","岩泉一","チョキ","WS","青城","ICONIC",129,124,115,123,101,121,118,122,119,36,491,480,1108,230,348,115,237,243,"いわいずみはじめ"
153,"Xmas3","岩泉一","グー","WS","青城","ICONIC",133,125,117,124,101,121,118,123,119,36,499,481,1117,234,350,117,237,244,"いわいずみはじめ"
177,"キャンプ","矢巾秀","パー","S","青城","ICONIC",119,123,126,126,101,116,118,116,118,36,494,468,1099,220,350,126,236,232,"やはばしげる"
227,"サバゲ2","川渡瞬己","グー","WS","和久南","ICONIC",125,121,115,121,101,118,118,121,120,36,482,477,1096,226,343,115,238,239,"かわたびしゅんき"
248,"探偵","白布賢二郎","パー","S","白鳥沢","ICONIC",120,123,130,126,101,118,118,117,119,36,499,472,1108,221,350,130,237,235,"しらぶけんじろう"
249,"制服","白布賢二郎","チョキ","S","白鳥沢","ICONIC",118,126,132,128,101,116,118,115,119,36,504,468,1109,219,355,132,237,231,"しらぶけんじろう"
250,"バカンス","白布賢二郎","グー","S","白鳥沢","ICONIC",116,121,133,124,101,120,120,117,120,36,494,477,1108,217,346,133,240,237,"しらぶけんじろう"
251,"路地裏2","白布賢二郎","パー","S","白鳥沢","ICONIC",121,125,133,128,101,118,119,117,120,36,507,474,1118,222,354,133,239,235,"しらぶけんじろう"
252,"文化祭3","白布賢二郎","チョキ","S","白鳥沢","ICONIC",121,126,130,129,101,118,120,118,121,36,506,477,1120,222,356,130,241,236,"しらぶけんじろう"
257,"雪遊び","瀬見英太","パー","S","白鳥沢","ICONIC",118,123,124,124,101,118,118,118,119,36,489,473,1099,219,348,124,237,236,"せみえいた"
258,"バカンス","瀬見英太","チョキ","S","白鳥沢","ICONIC",116,126,124,126,101,116,120,116,119,36,492,471,1100,217,353,124,239,232,"せみえいた"
259,"アート2","瀬見英太","グー","S","白鳥沢","ICONIC",119,121,127,122,101,116,120,118,121,36,489,475,1101,220,344,127,241,234,"せみえいた"
260,"文化祭3","瀬見英太","パー","S","白鳥沢","ICONIC",119,126,126,126,101,118,119,118,120,36,497,475,1109,220,353,126,239,236,"せみえいた"
277,"文化祭","宮侑","グー","S","稲荷崎","ICONIC",121,132,133,130,101,115,120,115,119,36,516,469,1122,222,363,133,239,230,"みやあつむ"
278,"RPG","宮侑","パー","S","稲荷崎","ICONIC",119,134,132,131,101,113,122,114,120,36,516,469,1122,220,366,132,242,227,"みやあつむ"
279,"カンフー","宮侑","チョキ","S","稲荷崎","ICONIC",123,130,131,128,101,118,121,117,119,36,512,475,1124,224,359,131,240,235,"みやあつむ"
280,"新年2","宮侑","グー","S","稲荷崎","ICONIC",122,134,136,132,101,115,121,115,120,36,524,471,1132,223,367,136,241,230,"みやあつむ"
281,"サバゲ2","宮侑","パー","S","稲荷崎","ICONIC",122,135,133,133,101,115,122,116,120,36,523,473,1133,223,369,133,242,231,"みやあつむ"
282,"制服","宮侑","チョキ","S","稲荷崎","ICONIC",123,136,138,133,101,116,122,116,121,36,530,475,1142,224,370,138,243,232,"みやあつむ"
290,"サバゲ","角名倫太郎","グー","MB","稲荷崎","ICONIC",129,119,113,122,101,131,115,120,118,36,483,484,1104,230,342,113,233,251,"すなりんたろう"
291,"花火","角名倫太郎","パー","MB","稲荷崎","ICONIC",131,117,111,120,101,134,115,122,118,36,479,489,1105,232,338,111,233,256,"すなりんたろう"
292,"路地裏2","角名倫太郎","チョキ","MB","稲荷崎","ICONIC",132,122,113,124,101,129,113,120,116,36,491,478,1106,233,347,113,229,249,"すなりんたろう"
293,"水着2","角名倫太郎","グー","MB","稲荷崎","ICONIC",131,119,114,122,101,134,116,122,119,36,486,491,1114,232,342,114,235,256,"すなりんたろう"
294,"制服","角名倫太郎","パー","MB","稲荷崎","ICONIC",130,122,113,125,101,131,117,121,120,36,490,489,1116,231,348,113,237,252,"すなりんたろう"
309,"Xmas2","銀島結","グー","WS","稲荷崎","ICONIC",125,120,114,119,101,118,118,120,119,36,478,475,1090,226,340,114,237,238,"ぎんじまひとし"
318,"探偵","木葉秋紀","チョキ","WS","梟谷","ICONIC",126,120,121,124,101,117,122,124,122,36,491,485,1113,227,345,121,244,241,"このはあきのり"
319,"梅雨","木葉秋紀","グー","WS","梟谷","ICONIC",127,117,123,122,101,117,125,122,124,36,489,488,1114,228,340,123,249,239,"このはあきのり"
320,"路地裏2","木葉秋紀","パー","WS","梟谷","ICONIC",127,117,119,122,101,120,124,126,123,36,485,493,1115,228,340,119,247,246,"このはあきのり"
321,"水着2","木葉秋紀","チョキ","WS","梟谷","ICONIC",126,120,121,124,101,120,125,126,124,36,491,495,1123,227,345,121,249,246,"このはあきのり"
346,"文化祭","星海光来","グー","WS","鴎台","ICONIC",133,128,116,122,101,119,119,129,122,36,499,489,1125,234,351,116,241,248,"ほしうみこうらい"
347,"サバゲ","星海光来","パー","WS","鴎台","ICONIC",132,130,115,123,101,117,121,128,123,36,500,489,1126,233,354,115,244,245,"ほしうみこうらい"
348,"花火","星海光来","チョキ","WS","鴎台","ICONIC",133,125,115,120,101,122,121,131,123,36,493,497,1127,234,346,115,244,253,"ほしうみこうらい"
349,"新年2","星海光来","グー","WS","鴎台","ICONIC",136,126,116,120,101,121,119,131,122,36,498,493,1128,237,347,116,241,252,"ほしうみこうらい"
357,"キャンプ","小森元也","グー","Li","井闥山","ICONIC",116,112,122,125,101,111,134,117,124,36,475,486,1098,217,338,122,258,228,"こもりもとや"
358,"ハロウィン","小森元也","パー","Li","井闥山","ICONIC",114,110,123,124,101,111,137,117,126,36,471,491,1099,215,335,123,263,228,"こもりもとや"
360,"新年","大将優","チョキ","WS","戸美","ICONIC",126,122,119,124,101,117,123,126,119,36,491,485,1113,227,347,119,242,243,"だいしょうすぐる"
361,"カンフー","大将優","グー","WS","戸美","ICONIC",126,125,117,126,101,115,125,124,119,36,494,483,1114,227,352,117,244,239,"だいしょうすぐる"
362,"妖","大将優","パー","WS","戸美","ICONIC",129,119,117,122,101,119,125,127,120,36,487,491,1115,230,342,117,245,246,"だいしょうすぐる"
