No,eda,No用,大分類,属性,色,パワー,補正,強化,強化補正,オートアクティブ,その他補正項目,その他補正値,スキル名,その他補正値最大,その他補正値強化,その他補正値強化最大
120,1,"ユニフォーム芝山優生ICONIC","トス","オープン","銅",25,0,0,0,"","",,"",,,
121,1,"焼き芋芝山優生ICONIC","トス","オープン","銅",25,0,0,0,"","",,"",,,
126,1,"ユニフォーム青根高伸ICONIC","トス","オープン","銅",25,0,0,0,"","",,"",,,
127,1,"制服青根高伸ICONIC","トス","オープン","銅",25,0,0,0,"","",,"",,,
128,1,"プール掃除青根高伸ICONIC","トス","オープン","銅",25,0,0,0,"","",,"",,,
129,1,"キャンプ青根高伸ICONIC","トス","オープン","銅",25,0,0,0,"","",,"",,,
130,1,"甲冑青根高伸ICONIC","トス","オープン","銅",25,0,0,0,"","",,"",,,
131,1,"Xmas3青根高伸ICONIC","トス","オープン","銅",25,0,0,0,"","",,"",,,
151,1,"ユニフォーム吹上仁悟ICONIC","トス","オープン","銅",25,0,0,0,"","",,"",,,
154,1,"ユニフォーム鎌先靖志ICONIC","トス","オープン","銅",25,0,0,0,"","",,"",,,
155,1,"甲冑鎌先靖志ICONIC","トス","オープン","銅",25,0,0,0,"","",,"",,,
183,1,"ユニフォーム国見英ICONIC","トス","オープン","銅",25,0,0,0,"","",,"",,,
184,1,"職業体験国見英ICONIC","トス","オープン","銅",25,0,0,0,"","",,"",,,
185,1,"路地裏国見英ICONIC","トス","オープン","銅",25,0,0,0,"","",,"",,,
186,1,"カンフー国見英ICONIC","トス","オープン","銅",25,0,0,0,"","",,"",,,
188,1,"寝正月国見英ICONIC","トス","オープン","銅",25,0,0,0,"","",,"",,,
191,1,"ユニフォーム松川一静ICONIC","トス","オープン","銅",25,0,0,0,"","",,"",,,
192,1,"アート松川一静ICONIC","トス","オープン","銅",25,0,0,0,"","",,"",,,
193,1,"バカンス松川一静ICONIC","トス","オープン","銅",25,0,0,0,"","",,"",,,
194,1,"焼き芋松川一静ICONIC","トス","オープン","銅",25,0,0,0,"","",,"",,,
208,1,"ユニフォーム池尻隼人ICONIC","トス","オープン","銅",25,0,0,0,"","",,"",,,
209,1,"文化祭2池尻隼人ICONIC","トス","オープン","銅",25,0,0,0,"","",,"",,,
210,1,"遊園地池尻隼人ICONIC","トス","オープン","銅",25,0,0,0,"","",,"",,,
211,1,"ユニフォーム十和田良樹ICONIC","トス","オープン","銅",25,0,0,0,"","",,"",,,
213,1,"ユニフォーム唐松拓巳ICONIC","トス","オープン","銅",25,0,0,0,"","",,"",,,
214,1,"ユニフォーム田沢裕樹ICONIC","トス","オープン","銅",25,0,0,0,"","",,"",,,
215,1,"ユニフォーム子安颯真ICONIC","トス","オープン","銅",25,0,0,0,"","",,"",,,
216,1,"サバゲ2子安颯真ICONIC","トス","オープン","銅",25,0,0,0,"","",,"",,,
217,1,"ユニフォーム横手駿ICONIC","トス","オープン","銅",25,0,0,0,"","",,"",,,
224,1,"ユニフォーム湯川良明ICONIC","トス","オープン","銅",25,0,0,0,"","",,"",,,
226,1,"ユニフォーム馬門英治ICONIC","トス","オープン","銅",25,0,0,0,"","",,"",,,
229,1,"ユニフォーム照島游児ICONIC","トス","オープン","銅",25,0,0,0,"","",,"",,,
230,1,"制服照島游児ICONIC","トス","オープン","銅",25,0,0,0,"","",,"",,,
231,1,"雪遊び照島游児ICONIC","トス","オープン","銅",25,0,0,0,"","",,"",,,
232,1,"スパイ照島游児ICONIC","トス","オープン","銅",25,0,0,0,"","",,"",,,
233,1,"妖照島游児ICONIC","トス","オープン","銅",25,0,0,0,"","",,"",,,
234,1,"格ゲー照島游児ICONIC","トス","オープン","銅",25,0,0,0,"","",,"",,,
235,1,"ユニフォーム母畑和馬ICONIC","トス","オープン","銅",25,0,0,0,"","",,"",,,
236,1,"アート2母畑和馬ICONIC","トス","オープン","銅",25,0,0,0,"","",,"",,,
240,1,"ユニフォーム飯坂信義ICONIC","トス","オープン","銅",25,0,0,0,"","",,"",,,
253,1,"ユニフォーム牛島若利ICONIC","トス","オープン","銅",25,0,0,0,"","",,"",,,
254,1,"水着牛島若利ICONIC","トス","オープン","銅",25,0,0,0,"","",,"",,,
255,1,"新年牛島若利ICONIC","トス","オープン","銅",25,0,0,0,"","",,"",,,
256,1,"制服牛島若利ICONIC","トス","オープン","銅",25,0,0,0,"","",,"",,,
257,1,"文化祭2牛島若利ICONIC","トス","オープン","銅",25,0,0,0,"","",,"",,,
258,1,"妖牛島若利ICONIC","トス","オープン","銅",25,0,0,0,"","",,"",,,
259,1,"ハロウィン牛島若利ICONIC","トス","オープン","銅",25,0,0,0,"","",,"",,,
260,1,"Xmas3牛島若利ICONIC","トス","オープン","銅",25,0,0,0,"","",,"",,,
262,1,"ユニフォーム天童覚ICONIC","トス","オープン","銅",25,0,0,0,"","",,"",,,
263,1,"水着天童覚ICONIC","トス","オープン","銅",25,0,0,0,"","",,"",,,
264,1,"文化祭天童覚ICONIC","トス","オープン","銅",25,0,0,0,"","",,"",,,
266,1,"仮装天童覚ICONIC","トス","オープン","銅",25,0,0,0,"","",,"",,,
267,1,"遊園地天童覚ICONIC","トス","オープン","銅",25,0,0,0,"","",,"",,,
268,1,"Xmas3天童覚ICONIC","トス","オープン","銅",25,0,0,0,"","",,"",,,
269,1,"思い出天童覚ICONIC","トス","オープン","銅",25,0,0,0,"","",,"",,,
301,1,"ユニフォーム湯河浩二ICONIC","トス","オープン","銅",25,0,0,0,"","",,"",,,
302,1,"ユニフォーム千鹿谷栄吉ICONIC","トス","オープン","銅",25,0,0,0,"","",,"",,,
308,1,"ユニフォーム吉川和孝ICONIC","トス","オープン","銅",25,0,0,0,"","",,"",,,
318,1,"ユニフォーム宮治ICONIC","トス","オープン","銅",25,0,0,0,"","",,"",,,
321,1,"遊園地宮治ICONIC","トス","オープン","銅",25,0,0,0,"","",,"",,,
322,1,"夏祭り2宮治ICONIC","トス","オープン","銅",25,0,0,0,"","",,"",,,
324,1,"3周年宮治ICONIC","トス","オープン","銅",25,0,0,0,"","",,"",,,
326,1,"ユニフォーム角名倫太郎ICONIC","トス","オープン","銅",25,0,0,0,"","",,"",,,
327,1,"サバゲ角名倫太郎ICONIC","トス","オープン","銅",25,0,0,0,"","",,"",,,
328,1,"花火角名倫太郎ICONIC","トス","オープン","銅",25,0,0,0,"","",,"",,,
329,1,"路地裏2角名倫太郎ICONIC","トス","オープン","銅",25,0,0,0,"","",,"",,,
330,1,"水着2角名倫太郎ICONIC","トス","オープン","銅",25,0,0,0,"","",,"",,,
331,1,"制服角名倫太郎ICONIC","トス","オープン","銅",25,0,0,0,"","",,"",,,
332,1,"寝正月角名倫太郎ICONIC","トス","オープン","銅",25,0,0,0,"","",,"",,,
333,1,"3周年角名倫太郎ICONIC","トス","オープン","銅",25,0,0,0,"","",,"",,,
350,1,"ユニフォーム銀島結ICONIC","トス","オープン","銅",25,0,0,0,"","",,"",,,
351,1,"Xmas2銀島結ICONIC","トス","オープン","銅",25,0,0,0,"","",,"",,,
352,1,"ユニフォーム木兎光太郎ICONIC","トス","オープン","銅",25,0,0,0,"","",,"",,,
353,1,"夏祭り木兎光太郎ICONIC","トス","オープン","銅",25,0,0,0,"","",,"",,,
354,1,"Xmas木兎光太郎ICONIC","トス","オープン","銅",25,0,0,0,"","",,"",,,
355,1,"制服木兎光太郎ICONIC","トス","オープン","銅",25,0,0,0,"","",,"",,,
356,1,"キャンプ木兎光太郎ICONIC","トス","オープン","銅",25,0,0,0,"","",,"",,,
357,1,"2周年木兎光太郎ICONIC","トス","オープン","銅",25,0,0,0,"","",,"",,,
358,1,"焼き芋木兎光太郎ICONIC","トス","オープン","銅",25,0,0,0,"","",,"",,,
366,1,"ユニフォーム猿杙大和ICONIC","トス","オープン","銅",25,0,0,0,"","",,"",,,
367,1,"ハロウィン猿杙大和ICONIC","トス","オープン","銅",25,0,0,0,"","",,"",,,
368,1,"ユニフォーム小見春樹ICONIC","トス","オープン","銅",25,0,0,0,"","",,"",,,
369,1,"路地裏2小見春樹ICONIC","トス","オープン","銅",25,0,0,0,"","",,"",,,
382,1,"ユニフォーム姫川葵ICONIC","トス","オープン","銅",25,0,0,0,"","",,"",,,
383,1,"花火姫川葵ICONIC","トス","オープン","銅",25,0,0,0,"","",,"",,,
389,1,"ユニフォーム寺泊基希ICONIC","トス","オープン","銅",25,0,0,0,"","",,"",,,
396,1,"ユニフォーム昼神幸郎ICONIC","トス","オープン","銅",25,0,0,0,"","",,"",,,
397,1,"Xmas昼神幸郎ICONIC","トス","オープン","銅",25,0,0,0,"","",,"",,,
398,1,"職業体験2昼神幸郎ICONIC","トス","オープン","銅",25,0,0,0,"","",,"",,,
399,1,"寝正月昼神幸郎ICONIC","トス","オープン","銅",25,0,0,0,"","",,"",,,
413,1,"ユニフォーム潜尚保ICONIC","トス","オープン","銅",25,0,0,0,"","",,"",,,
414,1,"バーガー潜尚保ICONIC","トス","オープン","銅",25,0,0,0,"","",,"",,,
427,1,"ユニフォーム深谷謙朗ICONIC","トス","オープン","銅",25,0,0,0,"","",,"",,,
1,1,"ユニフォーム日向翔陽ICONIC","トス","オープン","銅",20,0,0,0,"","",,"",,,
2,1,"制服日向翔陽ICONIC","トス","オープン","銅",20,0,0,0,"","",,"",,,
3,1,"夏祭り日向翔陽ICONIC","トス","オープン","銅",20,0,0,0,"","",,"",,,
5,1,"王冠日向翔陽ICONIC","トス","オープン","銅",20,0,0,0,"","",,"",,,
6,1,"ジャージ日向翔陽ICONIC","トス","オープン","銅",20,0,0,0,"","",,"",,,
7,1,"遊園地日向翔陽ICONIC","トス","オープン","銅",20,0,0,0,"","",,"",,,
8,1,"ハロウィン日向翔陽ICONIC","トス","オープン","銅",20,0,0,0,"","",,"",,,
9,1,"和装体験日向翔陽ICONIC","トス","オープン","銅",20,0,0,0,"","",,"",,,
10,1,"格ゲー日向翔陽ICONIC","トス","オープン","銅",20,0,0,0,"","",,"",,,
11,1,"ユニフォーム影山飛雄ICONIC","トス","オープン","銅",31,0,0,0,"","",,"",,,
12,1,"制服影山飛雄ICONIC","トス","オープン","銅",31,0,0,0,"","",,"",,,
13,1,"夏祭り影山飛雄ICONIC","トス","オープン","銅",31,0,0,0,"","",,"",,,
14,1,"Xmas影山飛雄ICONIC","トス","オープン","銅",31,0,0,0,"","",,"",,,
15,1,"1周年影山飛雄ICONIC","トス","オープン","銅",31,0,0,0,"","",,"",,,
16,1,"王冠影山飛雄ICONIC","トス","オープン","銅",31,0,0,0,"","",,"",,,
17,1,"ジャージ影山飛雄ICONIC","トス","オープン","銅",31,0,0,0,"","",,"",,,
18,1,"2周年影山飛雄ICONIC","トス","オープン","銅",31,0,0,0,"","",,"",,,
19,1,"中学生影山飛雄ICONIC","トス","オープン","銅",31,0,0,0,"","",,"",,,
20,1,"文化祭3影山飛雄ICONIC","トス","オープン","銅",32,0,0,0,"","",,"",,,
21,1,"格ゲー影山飛雄ICONIC","トス","オープン","銅",32,0,0,0,"","",,"",,,
22,1,"ユニフォーム月島蛍ICONIC","トス","オープン","銅",22,0,0,0,"","",,"",,,
23,1,"水着月島蛍ICONIC","トス","オープン","銅",22,0,0,0,"","",,"",,,
24,1,"職業体験月島蛍ICONIC","トス","オープン","銅",22,0,0,0,"","",,"",,,
25,1,"1周年月島蛍ICONIC","トス","オープン","銅",22,0,0,0,"","",,"",,,
26,1,"花火月島蛍ICONIC","トス","オープン","銅",22,0,0,0,"","",,"",,,
28,1,"2周年月島蛍ICONIC","トス","オープン","銅",22,0,0,0,"","",,"",,,
29,1,"アート2月島蛍ICONIC","トス","オープン","銅",22,0,0,0,"","",,"",,,
30,1,"焼き芋月島蛍ICONIC","トス","オープン","銅",23,0,0,0,"","",,"",,,
31,1,"寝正月月島蛍ICONIC","トス","オープン","銅",24,0,0,0,"","",,"",,,
32,1,"思い出月島蛍ICONIC","トス","オープン","銅",24,0,0,0,"","",,"",,,
33,1,"ユニフォーム山口忠ICONIC","トス","オープン","銅",21,0,0,0,"","",,"",,,
34,1,"水着山口忠ICONIC","トス","オープン","銅",21,0,0,0,"","",,"",,,
35,1,"雪遊び山口忠ICONIC","トス","オープン","銅",19,0,0,0,"","",,"",,,
36,1,"スパイ山口忠ICONIC","トス","オープン","銅",21,0,0,0,"","",,"",,,
37,1,"ジャージ山口忠ICONIC","トス","オープン","銅",21,0,0,0,"","",,"",,,
38,1,"焼き芋山口忠ICONIC","トス","オープン","銅",21,0,0,0,"","",,"",,,
39,1,"思い出山口忠ICONIC","トス","オープン","銅",22,0,0,0,"","",,"",,,
40,1,"ユニフォーム西谷夕ICONIC","トス","オープン","銅",27,0,0,0,"","",,"",,,
41,1,"制服西谷夕ICONIC","トス","オープン","銅",27,0,0,0,"","",,"",,,
42,1,"Xmas西谷夕ICONIC","トス","オープン","銅",33,0,0,0,"","",,"",,,
44,1,"文化祭2西谷夕ICONIC","トス","オープン","銅",27,0,0,0,"","",,"",,,
48,1,"ユニフォーム田中龍之介ICONIC","トス","オープン","銅",21,0,0,0,"","",,"",,,
49,1,"制服田中龍之介ICONIC","トス","オープン","銅",21,0,0,0,"","",,"",,,
50,1,"新年田中龍之介ICONIC","トス","オープン","銅",21,0,0,0,"","",,"",,,
51,1,"RPG田中龍之介ICONIC","トス","オープン","銅",21,0,0,0,"","",,"",,,
52,1,"仮装田中龍之介ICONIC","トス","オープン","銅",21,0,0,0,"","",,"",,,
53,1,"Xmas3田中龍之介ICONIC","トス","オープン","銅",21,0,0,0,"","",,"",,,
54,1,"ユニフォーム澤村大地ICONIC","トス","オープン","銅",22,0,0,0,"","",,"",,,
55,1,"プール掃除澤村大地ICONIC","トス","オープン","銅",22,0,0,0,"","",,"",,,
56,1,"文化祭澤村大地ICONIC","トス","オープン","銅",22,0,0,0,"","",,"",,,
57,1,"RPG澤村大地ICONIC","トス","オープン","銅",22,0,0,0,"","",,"",,,
58,1,"新年2澤村大地ICONIC","トス","オープン","銅",22,0,0,0,"","",,"",,,
59,1,"Xmas3澤村大地ICONIC","トス","オープン","銅",22,0,0,0,"","",,"",,,
66,1,"ユニフォーム東峰旭ICONIC","トス","オープン","銅",21,0,0,0,"","",,"",,,
67,1,"プール掃除東峰旭ICONIC","トス","オープン","銅",19,0,0,0,"","",,"",,,
68,1,"サバゲ東峰旭ICONIC","トス","オープン","銅",21,0,0,0,"","",,"",,,
69,1,"夏祭り2東峰旭ICONIC","トス","オープン","銅",23,0,0,0,"","",,"",,,
70,1,"和装体験東峰旭ICONIC","トス","オープン","銅",21,0,0,0,"","",,"",,,
71,1,"ユニフォーム東峰旭YELL","トス","オープン","銅",21,0,0,0,"","",,"",,,
72,1,"ユニフォーム縁下力ICONIC","トス","オープン","銅",22,0,0,0,"","",,"",,,
73,1,"探偵縁下力ICONIC","トス","オープン","銅",22,0,0,0,"","",,"",,,
74,1,"RPG縁下力ICONIC","トス","オープン","銅",22,0,0,0,"","",,"",,,
75,1,"花火縁下力ICONIC","トス","オープン","銅",22,0,0,0,"","",,"",,,
76,1,"ユニフォーム木下久志ICONIC","トス","オープン","銅",20,0,0,0,"","",,"",,,
77,1,"妖木下久志ICONIC","トス","オープン","銅",20,0,0,0,"","",,"",,,
78,1,"ユニフォーム成田一仁ICONIC","トス","オープン","銅",21,0,0,0,"","",,"",,,
80,1,"格ゲー谷地仁花ICONIC","トス","オープン","銅",28,0,0,0,"","",,"",,,
91,1,"ユニフォーム黒尾鉄朗ICONIC","トス","オープン","銅",21,0,0,0,"","",,"",,,
92,1,"制服黒尾鉄朗ICONIC","トス","オープン","銅",21,0,0,0,"","",,"",,,
93,1,"夏祭り黒尾鉄朗ICONIC","トス","オープン","銅",21,0,0,0,"","",,"",,,
94,1,"1周年黒尾鉄朗ICONIC","トス","オープン","銅",21,0,0,0,"","",,"",,,
95,1,"キャンプ黒尾鉄朗ICONIC","トス","オープン","銅",21,0,0,0,"","",,"",,,
96,1,"文化祭2黒尾鉄朗ICONIC","トス","オープン","銅",21,0,0,0,"","",,"",,,
97,1,"中学生黒尾鉄朗ICONIC","トス","オープン","銅",21,0,0,0,"","",,"",,,
98,1,"ハロウィン黒尾鉄朗ICONIC","トス","オープン","銅",21,0,0,0,"","",,"",,,
99,1,"和装体験黒尾鉄朗ICONIC","トス","オープン","銅",21,0,0,0,"","",,"",,,
100,1,"思い出黒尾鉄朗ICONIC","トス","オープン","銅",22,0,0,0,"","",,"",,,
101,1,"ユニフォーム灰羽リエーフICONIC","トス","オープン","銅",30,0,0,0,"","",,"",,,
102,1,"探偵灰羽リエーフICONIC","トス","オープン","銅",30,0,0,0,"","",,"",,,
103,1,"路地裏灰羽リエーフICONIC","トス","オープン","銅",30,0,0,0,"","",,"",,,
104,1,"文化祭2灰羽リエーフICONIC","トス","オープン","銅",30,0,0,0,"","",,"",,,
105,1,"サバゲ2灰羽リエーフICONIC","トス","オープン","銅",30,0,0,0,"","",,"",,,
106,1,"ユニフォーム夜久衛輔ICONIC","トス","オープン","銅",28,0,0,0,"","",,"",,,
112,1,"ユニフォーム福永招平ICONIC","トス","オープン","銅",24,0,0,0,"","",,"",,,
113,1,"バーガー福永招平ICONIC","トス","オープン","銅",24,0,0,0,"","",,"",,,
114,1,"アート2福永招平ICONIC","トス","オープン","銅",24,0,0,0,"","",,"",,,
115,1,"ユニフォーム犬岡走ICONIC","トス","オープン","銅",24,0,0,0,"","",,"",,,
116,1,"新年犬岡走ICONIC","トス","オープン","銅",24,0,0,0,"","",,"",,,
117,1,"ユニフォーム山本猛虎ICONIC","トス","オープン","銅",24,0,0,0,"","",,"",,,
118,1,"新年山本猛虎ICONIC","トス","オープン","銅",24,0,0,0,"","",,"",,,
119,1,"和装体験山本猛虎ICONIC","トス","オープン","銅",24,0,0,0,"","",,"",,,
122,1,"ユニフォーム海信之ICONIC","トス","オープン","銅",24,0,0,0,"","",,"",,,
123,1,"遊園地海信之ICONIC","トス","オープン","銅",24,0,0,0,"","",,"",,,
124,1,"ユニフォーム海信之YELL","トス","オープン","銅",24,0,0,0,"","",,"",,,
132,1,"ユニフォーム二口堅治ICONIC","トス","オープン","銅",24,0,0,0,"","",,"",,,
133,1,"制服二口堅治ICONIC","トス","オープン","銅",24,0,0,0,"","",,"",,,
134,1,"プール掃除二口堅治ICONIC","トス","オープン","銅",24,0,0,0,"","",,"",,,
135,1,"路地裏二口堅治ICONIC","トス","オープン","銅",24,0,0,0,"","",,"",,,
136,1,"甲冑二口堅治ICONIC","トス","オープン","銅",24,0,0,0,"","",,"",,,
137,1,"2周年二口堅治ICONIC","トス","オープン","銅",24,0,0,0,"","",,"",,,
138,1,"アート2二口堅治ICONIC","トス","オープン","銅",24,0,0,0,"","",,"",,,
139,1,"Xmas3二口堅治ICONIC","トス","オープン","銅",24,0,0,0,"","",,"",,,
146,1,"ユニフォーム小原豊ICONIC","トス","オープン","銅",26,0,0,0,"","",,"",,,
147,1,"ユニフォーム女川太郎ICONIC","トス","オープン","銅",27,0,0,0,"","",,"",,,
148,1,"水着2女川太郎ICONIC","トス","オープン","銅",27,0,0,0,"","",,"",,,
149,1,"ユニフォーム作並浩輔ICONIC","トス","オープン","銅",31,0,0,0,"","",,"",,,
150,1,"職業体験2作並浩輔ICONIC","トス","オープン","銅",31,0,0,0,"","",,"",,,
153,1,"寝正月茂庭要ICONIC","トス","オープン","銅",30,0,0,0,"","",,"",,,
156,1,"ユニフォーム笹谷武仁ICONIC","トス","オープン","銅",23,0,0,0,"","",,"",,,
157,1,"梅雨2笹谷武仁ICONIC","トス","オープン","銅",23,0,0,0,"","",,"",,,
168,1,"ユニフォーム岩泉一ICONIC","トス","オープン","銅",24,0,0,0,"","",,"",,,
169,1,"プール掃除岩泉一ICONIC","トス","オープン","銅",24,0,0,0,"","",,"",,,
170,1,"制服岩泉一ICONIC","トス","オープン","銅",24,0,0,0,"","",,"",,,
171,1,"サバゲ岩泉一ICONIC","トス","オープン","銅",24,0,0,0,"","",,"",,,
172,1,"バカンス岩泉一ICONIC","トス","オープン","銅",24,0,0,0,"","",,"",,,
173,1,"路地裏2岩泉一ICONIC","トス","オープン","銅",24,0,0,0,"","",,"",,,
174,1,"夏祭り2岩泉一ICONIC","トス","オープン","銅",24,0,0,0,"","",,"",,,
175,1,"Xmas3岩泉一ICONIC","トス","オープン","銅",24,0,0,0,"","",,"",,,
176,1,"ユニフォーム金田一勇太郎ICONIC","トス","オープン","銅",26,0,0,0,"","",,"",,,
177,1,"雪遊び金田一勇太郎ICONIC","トス","オープン","銅",26,0,0,0,"","",,"",,,
178,1,"カンフー金田一勇太郎ICONIC","トス","オープン","銅",26,0,0,0,"","",,"",,,
179,1,"中学生金田一勇太郎ICONIC","トス","オープン","銅",26,0,0,0,"","",,"",,,
180,1,"ユニフォーム京谷賢太郎ICONIC","トス","オープン","銅",24,0,0,0,"","",,"",,,
181,1,"梅雨京谷賢太郎ICONIC","トス","オープン","銅",24,0,0,0,"","",,"",,,
182,1,"水着2京谷賢太郎ICONIC","トス","オープン","銅",24,0,0,0,"","",,"",,,
189,1,"梅雨2国見英ICONIC","トス","オープン","銅",26,0,0,0,"","",,"",,,
190,1,"ユニフォーム渡親治ICONIC","トス","オープン","銅",30,0,0,0,"","",,"",,,
195,1,"ユニフォーム花巻貴大ICONIC","トス","オープン","銅",28,0,0,0,"","",,"",,,
196,1,"アート花巻貴大ICONIC","トス","オープン","銅",28,0,0,0,"","",,"",,,
198,1,"妖花巻貴大ICONIC","トス","オープン","銅",28,0,0,0,"","",,"",,,
199,1,"焼き芋花巻貴大ICONIC","トス","オープン","銅",28,0,0,0,"","",,"",,,
202,1,"ユニフォーム駒木輝ICONIC","トス","オープン","銅",27,0,0,0,"","",,"",,,
203,1,"ユニフォーム茶屋和馬ICONIC","トス","オープン","銅",23,0,0,0,"","",,"",,,
204,1,"ユニフォーム玉川弘樹ICONIC","トス","オープン","銅",24,0,0,0,"","",,"",,,
205,1,"ユニフォーム桜井大河ICONIC","トス","オープン","銅",28,0,0,0,"","",,"",,,
207,1,"ユニフォーム渋谷陸斗ICONIC","トス","オープン","銅",24,0,0,0,"","",,"",,,
212,1,"ユニフォーム森岳歩ICONIC","トス","オープン","銅",24,0,0,0,"","",,"",,,
222,1,"ユニフォーム浅虫快人ICONIC","トス","オープン","銅",26,0,0,0,"","",,"",,,
223,1,"ユニフォーム南田大志ICONIC","トス","オープン","銅",27,0,0,0,"","",,"",,,
225,1,"ユニフォーム稲垣功ICONIC","トス","オープン","銅",26,0,0,0,"","",,"",,,
227,1,"ユニフォーム百沢雄大ICONIC","トス","オープン","銅",24,0,0,0,"","",,"",,,
228,1,"職業体験百沢雄大ICONIC","トス","オープン","銅",24,0,0,0,"","",,"",,,
239,1,"ユニフォーム沼尻凛太郎ICONIC","トス","オープン","銅",26,0,0,0,"","",,"",,,
241,1,"ユニフォーム東山勝道ICONIC","トス","オープン","銅",26,0,0,0,"","",,"",,,
242,1,"ユニフォーム土湯新ICONIC","トス","オープン","銅",27,0,0,0,"","",,"",,,
243,1,"ユニフォーム中島猛ICONIC","トス","オープン","銅",31,0,0,0,"","",,"",,,
244,1,"スパイ中島猛ICONIC","トス","オープン","銅",31,0,0,0,"","",,"",,,
245,1,"ユニフォーム白石優希ICONIC","トス","オープン","銅",24,0,0,0,"","",,"",,,
247,1,"ユニフォーム鳴子哲平ICONIC","トス","オープン","銅",24,0,0,0,"","",,"",,,
248,1,"ユニフォーム秋保和光ICONIC","トス","オープン","銅",27,0,0,0,"","",,"",,,
249,1,"ユニフォーム松島剛ICONIC","トス","オープン","銅",23,0,0,0,"","",,"",,,
250,1,"妖松島剛ICONIC","トス","オープン","銅",23,0,0,0,"","",,"",,,
251,1,"ユニフォーム川渡瞬己ICONIC","トス","オープン","銅",26,0,0,0,"","",,"",,,
252,1,"サバゲ2川渡瞬己ICONIC","トス","オープン","銅",26,0,0,0,"","",,"",,,
261,1,"3周年牛島若利ICONIC","トス","オープン","銅",26,0,0,0,"","",,"",,,
270,1,"ユニフォーム五色工ICONIC","トス","オープン","銅",27,0,0,0,"","",,"",,,
271,1,"職業体験五色工ICONIC","トス","オープン","銅",27,0,0,0,"","",,"",,,
272,1,"制服五色工ICONIC","トス","オープン","銅",27,0,0,0,"","",,"",,,
273,1,"バカンス五色工ICONIC","トス","オープン","銅",27,0,0,0,"","",,"",,,
274,1,"Xmas2五色工ICONIC","トス","オープン","銅",27,0,0,0,"","",,"",,,
275,1,"サバゲ2五色工ICONIC","トス","オープン","銅",27,0,0,0,"","",,"",,,
283,1,"ユニフォーム大平獅音ICONIC","トス","オープン","銅",26,0,0,0,"","",,"",,,
284,1,"格ゲー大平獅音ICONIC","トス","オープン","銅",26,0,0,0,"","",,"",,,
285,1,"ユニフォーム川西太一ICONIC","トス","オープン","銅",29,0,0,0,"","",,"",,,
286,1,"路地裏川西太一ICONIC","トス","オープン","銅",29,0,0,0,"","",,"",,,
287,1,"寝正月川西太一ICONIC","トス","オープン","銅",29,0,0,0,"","",,"",,,
294,1,"ユニフォーム山形隼人ICONIC","トス","オープン","銅",27,0,0,0,"","",,"",,,
295,1,"ユニフォーム強羅昌己ICONIC","トス","オープン","銅",26,0,0,0,"","",,"",,,
297,1,"ユニフォーム仙石伸吾ICONIC","トス","オープン","銅",24,0,0,0,"","",,"",,,
298,1,"ユニフォーム中川俊美ICONIC","トス","オープン","銅",27,0,0,0,"","",,"",,,
300,1,"ユニフォーム伊勢原裕次ICONIC","トス","オープン","銅",24,0,0,0,"","",,"",,,
303,1,"ユニフォーム小鹿野大樹ICONIC","トス","オープン","銅",29,0,0,0,"","",,"",,,
304,1,"ユニフォーム赤谷勇ICONIC","トス","オープン","銅",24,0,0,0,"","",,"",,,
305,1,"ユニフォーム児玉勝ICONIC","トス","オープン","銅",24,0,0,0,"","",,"",,,
334,1,"ユニフォーム北信介ICONIC","トス","オープン","銅",26,0,0,0,"","",,"",,,
335,1,"Xmas北信介ICONIC","トス","オープン","銅",26,0,0,0,"","",,"",,,
336,1,"スパイ北信介ICONIC","トス","オープン","銅",26,0,0,0,"","",,"",,,
337,1,"新年2北信介ICONIC","トス","オープン","銅",26,0,0,0,"","",,"",,,
338,1,"職業体験2北信介ICONIC","トス","オープン","銅",26,0,0,0,"","",,"",,,
339,1,"制服北信介ICONIC","トス","オープン","銅",26,0,0,0,"","",,"",,,
340,1,"和装体験北信介ICONIC","トス","オープン","銅",26,0,0,0,"","",,"",,,
341,1,"思い出北信介ICONIC","トス","オープン","銅",26,0,0,0,"","",,"",,,
342,1,"ユニフォーム尾白アランICONIC","トス","オープン","銅",24,0,0,0,"","",,"",,,
343,1,"雪遊び尾白アランICONIC","トス","オープン","銅",24,0,0,0,"","",,"",,,
344,1,"夏祭り2尾白アランICONIC","トス","オープン","銅",24,0,0,0,"","",,"",,,
345,1,"ユニフォーム赤木路成ICONIC","トス","オープン","銅",28,0,0,0,"","",,"",,,
346,1,"Xmas2赤木路成ICONIC","トス","オープン","銅",28,0,0,0,"","",,"",,,
347,1,"ユニフォーム大耳練ICONIC","トス","オープン","銅",27,0,0,0,"","",,"",,,
348,1,"和装体験大耳練ICONIC","トス","オープン","銅",27,0,0,0,"","",,"",,,
349,1,"ユニフォーム理石平介ICONIC","トス","オープン","銅",23,0,0,0,"","",,"",,,
359,1,"3周年木兎光太郎ICONIC","トス","オープン","銅",26,0,0,0,"","",,"",,,
360,1,"梅雨2木兎光太郎ICONIC","トス","オープン","銅",26,0,0,0,"","",,"",,,
361,1,"ユニフォーム木葉秋紀ICONIC","トス","オープン","銅",31,0,0,0,"","",,"",,,
362,1,"探偵木葉秋紀ICONIC","トス","オープン","銅",31,0,0,0,"","",,"",,,
364,1,"路地裏2木葉秋紀ICONIC","トス","オープン","銅",31,0,0,0,"","",,"",,,
365,1,"水着2木葉秋紀ICONIC","トス","オープン","銅",31,0,0,0,"","",,"",,,
370,1,"ユニフォーム尾長渉ICONIC","トス","オープン","銅",27,0,0,0,"","",,"",,,
371,1,"ユニフォーム鷲尾辰生ICONIC","トス","オープン","銅",27,0,0,0,"","",,"",,,
372,1,"ハロウィン鷲尾辰生ICONIC","トス","オープン","銅",27,0,0,0,"","",,"",,,
384,1,"ユニフォーム当間義友ICONIC","トス","オープン","銅",26,0,0,0,"","",,"",,,
386,1,"ユニフォーム貝掛亮文ICONIC","トス","オープン","銅",26,0,0,0,"","",,"",,,
387,1,"ユニフォーム丸山一喜ICONIC","トス","オープン","銅",24,0,0,0,"","",,"",,,
388,1,"ユニフォーム舞子侑志ICONIC","トス","オープン","銅",19,0,0,0,"","",,"",,,
390,1,"ユニフォーム星海光来ICONIC","トス","オープン","銅",27,0,0,0,"","",,"",,,
391,1,"文化祭星海光来ICONIC","トス","オープン","銅",27,0,0,0,"","",,"",,,
392,1,"サバゲ星海光来ICONIC","トス","オープン","銅",27,0,0,0,"","",,"",,,
393,1,"花火星海光来ICONIC","トス","オープン","銅",27,0,0,0,"","",,"",,,
394,1,"新年2星海光来ICONIC","トス","オープン","銅",27,0,0,0,"","",,"",,,
395,1,"格ゲー星海光来ICONIC","トス","オープン","銅",27,0,0,0,"","",,"",,,
400,1,"ユニフォーム佐久早聖臣ICONIC","トス","オープン","銅",27,0,0,0,"","",,"",,,
401,1,"サバゲ佐久早聖臣ICONIC","トス","オープン","銅",27,0,0,0,"","",,"",,,
402,1,"新年2佐久早聖臣ICONIC","トス","オープン","銅",27,0,0,0,"","",,"",,,
403,1,"和装体験佐久早聖臣ICONIC","トス","オープン","銅",27,0,0,0,"","",,"",,,
404,1,"ユニフォーム小森元也ICONIC","トス","オープン","銅",26,0,0,0,"","",,"",,,
407,1,"ユニフォーム大将優ICONIC","トス","オープン","銅",29,0,0,0,"","",,"",,,
408,1,"新年大将優ICONIC","トス","オープン","銅",29,0,0,0,"","",,"",,,
409,1,"カンフー大将優ICONIC","トス","オープン","銅",29,0,0,0,"","",,"",,,
410,1,"妖大将優ICONIC","トス","オープン","銅",29,0,0,0,"","",,"",,,
411,1,"梅雨2大将優ICONIC","トス","オープン","銅",29,0,0,0,"","",,"",,,
412,1,"ユニフォーム沼井和馬ICONIC","トス","オープン","銅",26,0,0,0,"","",,"",,,
415,1,"寝正月潜尚保ICONIC","トス","オープン","銅",26,0,0,0,"","",,"",,,
416,1,"ユニフォーム高千穂恵也ICONIC","トス","オープン","銅",23,0,0,0,"","",,"",,,
417,1,"ユニフォーム広尾倖児ICONIC","トス","オープン","銅",24,0,0,0,"","",,"",,,
418,1,"カンフー広尾倖児ICONIC","トス","オープン","銅",24,0,0,0,"","",,"",,,
420,1,"ユニフォーム背黒晃彦ICONIC","トス","オープン","銅",27,0,0,0,"","",,"",,,
421,1,"ユニフォーム赤間颯ICONIC","トス","オープン","銅",26,0,0,0,"","",,"",,,
423,1,"ユニフォーム和倉久彦ICONIC","トス","オープン","銅",29,0,0,0,"","",,"",,,
424,1,"ユニフォーム金沢伊織ICONIC","トス","オープン","銅",23,0,0,0,"","",,"",,,
425,1,"ユニフォーム志賀智也ICONIC","トス","オープン","銅",26,0,0,0,"","",,"",,,
426,1,"ユニフォーム輪島友和ICONIC","トス","オープン","銅",28,0,0,0,"","",,"",,,
428,1,"ユニフォーム山代総司ICONIC","トス","オープン","銅",24,0,0,0,"","",,"",,,
60,1,"ユニフォーム菅原考支ICONIC","トス","オープン","金",32,0,0,0,"","",,"",,,
61,1,"プール掃除菅原考支ICONIC","トス","オープン","金",32,0,0,0,"","",,"",,,
62,1,"文化祭菅原考支ICONIC","トス","オープン","金",32,0,0,0,"","",,"",,,
63,1,"梅雨菅原考支ICONIC","トス","オープン","金",32,0,0,0,"","",,"",,,
65,1,"夏祭り2菅原考支ICONIC","トス","オープン","金",32,0,0,0,"","",,"",,,
81,1,"ユニフォーム孤爪研磨ICONIC","トス","オープン","金",30,0,0,0,"","",,"",,,
82,1,"制服孤爪研磨ICONIC","トス","オープン","金",30,0,0,0,"","",,"",,,
83,1,"夏祭り孤爪研磨ICONIC","トス","オープン","金",31,0,0,0,"","",,"",,,
84,1,"1周年孤爪研磨ICONIC","トス","オープン","金",30,0,0,0,"","",,"",,,
85,1,"スパイ孤爪研磨ICONIC","トス","オープン","金",30,0,0,0,"","",,"",,,
86,1,"Xmas2孤爪研磨ICONIC","トス","オープン","金",32,0,0,0,"","",,"",,,
87,1,"中学生孤爪研磨ICONIC","トス","オープン","金",30,0,0,0,"","",,"",,,
88,1,"ハロウィン孤爪研磨ICONIC","トス","オープン","金",31,0,0,0,"","",,"",,,
89,1,"寝正月孤爪研磨ICONIC","トス","オープン","金",34,0,0,0,"","",,"",,,
90,1,"思い出孤爪研磨ICONIC","トス","オープン","金",33,0,0,0,"","",,"",,,
109,1,"2周年夜久衛輔ICONIC","トス","オープン","金",34,0,0,0,"","",,"",,,
111,1,"Xmas3夜久衛輔ICONIC","トス","オープン","金",34,0,0,0,"","",,"",,,
140,1,"ユニフォーム黄金川貫至ICONIC","トス","オープン","金",34,0,0,0,"","",,"",,,
141,1,"制服黄金川貫至ICONIC","トス","オープン","金",34,0,0,0,"","",,"",,,
142,1,"職業体験黄金川貫至ICONIC","トス","オープン","金",34,0,0,0,"","",,"",,,
143,1,"スパイ黄金川貫至ICONIC","トス","オープン","金",34,0,0,0,"","",,"",,,
152,1,"ユニフォーム茂庭要ICONIC","トス","オープン","金",36,0,0,0,"","",,"",,,
158,1,"ユニフォーム及川徹ICONIC","トス","オープン","金",33,0,0,0,"","",,"",,,
159,1,"プール掃除及川徹ICONIC","トス","オープン","金",33,0,0,0,"","",,"",,,
160,1,"Xmas及川徹ICONIC","トス","オープン","金",33,0,0,0,"","",,"",,,
161,1,"制服及川徹ICONIC","トス","オープン","金",33,0,0,0,"","",,"",,,
162,1,"路地裏及川徹ICONIC","トス","オープン","金",33,0,0,0,"","",,"",,,
163,1,"バカンス及川徹ICONIC","トス","オープン","金",34,0,0,0,"","",,"",,,
164,1,"2周年及川徹ICONIC","トス","オープン","金",33,0,0,0,"","",,"",,,
165,1,"夏祭り2及川徹ICONIC","トス","オープン","金",35,0,0,0,"","",,"",,,
166,1,"和装体験及川徹ICONIC","トス","オープン","金",33,0,0,0,"","",,"",,,
167,1,"格ゲー及川徹ICONIC","トス","オープン","金",37,0,0,0,"","",,"",,,
187,1,"中学生国見英ICONIC","トス","オープン","金",32,0,0,0,"","",,"",,,
200,1,"ユニフォーム矢巾秀ICONIC","トス","オープン","金",35,0,0,0,"","",,"",,,
201,1,"キャンプ矢巾秀ICONIC","トス","オープン","金",35,0,0,0,"","",,"",,,
206,1,"ユニフォーム芳賀良治ICONIC","トス","オープン","金",31,0,0,0,"","",,"",,,
218,1,"ユニフォーム夏瀬伊吹ICONIC","トス","オープン","金",32,0,0,0,"","",,"",,,
219,1,"ユニフォーム秋宮昇ICONIC","トス","オープン","金",37,0,0,0,"","",,"",,,
220,1,"ユニフォーム古牧譲ICONIC","トス","オープン","金",36,0,0,0,"","",,"",,,
221,1,"雪遊び古牧譲ICONIC","トス","オープン","金",36,0,0,0,"","",,"",,,
237,1,"ユニフォーム二岐丈晴ICONIC","トス","オープン","金",35,0,0,0,"","",,"",,,
238,1,"制服二岐丈晴ICONIC","トス","オープン","金",35,0,0,0,"","",,"",,,
246,1,"ユニフォーム花山一雅ICONIC","トス","オープン","金",37,0,0,0,"","",,"",,,
276,1,"ユニフォーム白布賢二郎ICONIC","トス","オープン","金",34,0,0,0,"","",,"",,,
277,1,"探偵白布賢二郎ICONIC","トス","オープン","金",34,0,0,0,"","",,"",,,
278,1,"制服白布賢二郎ICONIC","トス","オープン","金",35,0,0,0,"","",,"",,,
279,1,"バカンス白布賢二郎ICONIC","トス","オープン","金",35,0,0,0,"","",,"",,,
280,1,"路地裏2白布賢二郎ICONIC","トス","オープン","金",36,0,0,0,"","",,"",,,
281,1,"文化祭3白布賢二郎ICONIC","トス","オープン","金",35,0,0,0,"","",,"",,,
282,1,"3周年白布賢二郎ICONIC","トス","オープン","金",37,0,0,0,"","",,"",,,
288,1,"ユニフォーム瀬見英太ICONIC","トス","オープン","金",38,0,0,0,"","",,"",,,
289,1,"雪遊び瀬見英太ICONIC","トス","オープン","金",38,0,0,0,"","",,"",,,
290,1,"バカンス瀬見英太ICONIC","トス","オープン","金",38,0,0,0,"","",,"",,,
291,1,"アート2瀬見英太ICONIC","トス","オープン","金",38,0,0,0,"","",,"",,,
292,1,"文化祭3瀬見英太ICONIC","トス","オープン","金",38,0,0,0,"","",,"",,,
293,1,"3周年瀬見英太ICONIC","トス","オープン","金",38,0,0,0,"","",,"",,,
299,1,"ユニフォーム七沢健吾ICONIC","トス","オープン","金",34,0,0,0,"","",,"",,,
306,1,"ユニフォーム名栗翔太ICONIC","トス","オープン","金",36,0,0,0,"","",,"",,,
307,1,"ユニフォーム島府典明ICONIC","トス","オープン","金",28,0,0,0,"","",,"",,,
309,1,"ユニフォーム宮侑ICONIC","トス","オープン","金",38,0,0,0,"","",,"",,,
310,1,"文化祭宮侑ICONIC","トス","オープン","金",38,0,0,0,"","",,"",,,
311,1,"RPG宮侑ICONIC","トス","オープン","金",38,0,0,0,"","",,"",,,
312,1,"カンフー宮侑ICONIC","トス","オープン","金",38,0,0,0,"","",,"",,,
313,1,"新年2宮侑ICONIC","トス","オープン","金",39,0,0,0,"","",,"",,,
314,1,"サバゲ2宮侑ICONIC","トス","オープン","金",38,0,0,0,"","",,"",,,
315,1,"制服宮侑ICONIC","トス","オープン","金",40,0,0,0,"","",,"",,,
316,1,"3周年宮侑ICONIC","トス","オープン","金",41,0,0,0,"","",,"",,,
317,1,"思い出宮侑ICONIC","トス","オープン","金",39,0,0,0,"","",,"",,,
323,1,"制服宮治ICONIC","トス","オープン","金",33,0,0,0,"","",,"",,,
325,1,"思い出宮治ICONIC","トス","オープン","金",36,0,0,0,"","",,"",,,
373,1,"ユニフォーム赤葦京治ICONIC","トス","オープン","金",38,0,0,0,"","",,"",,,
374,1,"夏祭り赤葦京治ICONIC","トス","オープン","金",38,0,0,0,"","",,"",,,
375,1,"制服赤葦京治ICONIC","トス","オープン","金",38,0,0,0,"","",,"",,,
376,1,"バーガー赤葦京治ICONIC","トス","オープン","金",38,0,0,0,"","",,"",,,
377,1,"仮装赤葦京治ICONIC","トス","オープン","金",41,0,0,0,"","",,"",,,
378,1,"妖赤葦京治ICONIC","トス","オープン","金",39,0,0,0,"","",,"",,,
379,1,"焼き芋赤葦京治ICONIC","トス","オープン","金",42,0,0,0,"","",,"",,,
380,1,"Xmas3赤葦京治ICONIC","トス","オープン","金",39,0,0,0,"","",,"",,,
381,1,"3周年赤葦京治ICONIC","トス","オープン","金",44,0,0,0,"","",,"",,,
385,1,"ユニフォーム越後栄ICONIC","トス","オープン","金",37,0,0,0,"","",,"",,,
419,1,"ユニフォーム先島伊澄ICONIC","トス","オープン","金",34,0,0,0,"","",,"",,,
422,1,"ユニフォーム白峰周ICONIC","トス","オープン","金",38,0,0,0,"","",,"",,,
4,1,"1周年日向翔陽ICONIC","トス","オープン","銀",23,0,0,0,"","",,"",,,
27,1,"ジャージ月島蛍ICONIC","トス","オープン","銀",26,0,0,0,"","",,"",,,
43,1,"バーガー西谷夕ICONIC","トス","オープン","銀",30,0,0,0,"","",,"",,,
45,1,"2周年西谷夕ICONIC","トス","オープン","銀",30,0,0,0,"","",,"",,,
47,1,"思い出西谷夕ICONIC","トス","オープン","銀",31,0,0,0,"","",,"",,,
64,1,"Xmas2菅原考支ICONIC","トス","オープン","銀",31,0,0,0,"","",,"",,,
79,1,"格ゲー清水潔子ICONIC","トス","オープン","銀",33,0,0,0,"","",,"",,,
107,1,"1周年夜久衛輔ICONIC","トス","オープン","銀",31,0,0,0,"","",,"",,,
108,1,"花火夜久衛輔ICONIC","トス","オープン","銀",31,0,0,0,"","",,"",,,
110,1,"水着2夜久衛輔ICONIC","トス","オープン","銀",31,0,0,0,"","",,"",,,
125,1,"ユニフォーム手白球彦ICONIC","トス","オープン","銀",35,0,0,0,"","",,"",,,
144,1,"焼き芋黄金川貫至ICONIC","トス","オープン","銀",33,0,0,0,"","",,"",,,
145,1,"格ゲー黄金川貫至ICONIC","トス","オープン","銀",32,0,0,0,"","",,"",,,
197,1,"バーガー花巻貴大ICONIC","トス","オープン","銀",31,0,0,0,"","",,"",,,
265,1,"制服天童覚ICONIC","トス","オープン","銀",32,0,0,0,"","",,"",,,
296,1,"ユニフォーム芦谷洋平ICONIC","トス","オープン","銀",32,0,0,0,"","",,"",,,
319,1,"RPG宮治ICONIC","トス","オープン","銀",28,0,0,0,"","",,"",,,
320,1,"カンフー宮治ICONIC","トス","オープン","銀",29,0,0,0,"","",,"",,,
363,1,"梅雨木葉秋紀ICONIC","トス","オープン","銀",34,0,0,0,"","",,"",,,
405,1,"キャンプ小森元也ICONIC","トス","オープン","銀",29,0,0,0,"","",,"",,,
406,1,"ハロウィン小森元也ICONIC","トス","オープン","銀",29,0,0,0,"","",,"",,,
46,1,"ハロウィン西谷夕ICONIC","トス","速攻","銅",27,0,0,0,"","",,"",,,
320,2,"カンフー宮治ICONIC","トス","時間差","金",32,0,0,0,"","",,"",,,
19,2,"中学生影山飛雄ICONIC","トス","速攻","銀",30,0,0,0,"","",,"",,,
33,2,"ユニフォーム山口忠ICONIC","トス","速攻","銅",22,0,0,0,"","",,"",,,
34,2,"水着山口忠ICONIC","トス","速攻","銅",22,0,0,0,"","",,"",,,
35,2,"雪遊び山口忠ICONIC","トス","速攻","銅",20,0,0,0,"","",,"",,,
36,2,"スパイ山口忠ICONIC","トス","速攻","銅",22,0,0,0,"","",,"",,,
37,2,"ジャージ山口忠ICONIC","トス","速攻","銅",22,0,0,0,"","",,"",,,
38,2,"焼き芋山口忠ICONIC","トス","速攻","銅",22,0,0,0,"","",,"",,,
39,2,"思い出山口忠ICONIC","トス","速攻","銅",23,0,0,0,"","",,"",,,
60,2,"ユニフォーム菅原考支ICONIC","トス","速攻","銅",29,0,0,0,"","",,"",,,
61,2,"プール掃除菅原考支ICONIC","トス","速攻","銅",29,0,0,0,"","",,"",,,
62,2,"文化祭菅原考支ICONIC","トス","速攻","銅",29,0,0,0,"","",,"",,,
63,2,"梅雨菅原考支ICONIC","トス","速攻","銀",31,0,0,0,"","",,"",,,
64,2,"Xmas2菅原考支ICONIC","トス","速攻","銀",31,0,0,0,"","",,"",,,
79,2,"格ゲー清水潔子ICONIC","トス","速攻","銀",33,0,0,0,"","",,"",,,
90,2,"思い出孤爪研磨ICONIC","トス","速攻","銀",30,0,0,0,"","",,"",,,
106,2,"ユニフォーム夜久衛輔ICONIC","トス","速攻","銅",28,0,0,0,"","",,"",,,
107,2,"1周年夜久衛輔ICONIC","トス","速攻","銅",28,0,0,0,"","",,"",,,
108,2,"花火夜久衛輔ICONIC","トス","速攻","銅",28,0,0,0,"","",,"",,,
109,2,"2周年夜久衛輔ICONIC","トス","速攻","銀",31,0,0,0,"","",,"",,,
110,2,"水着2夜久衛輔ICONIC","トス","速攻","銀",31,0,0,0,"","",,"",,,
111,2,"Xmas3夜久衛輔ICONIC","トス","速攻","銀",31,0,0,0,"","",,"",,,
125,2,"ユニフォーム手白球彦ICONIC","トス","速攻","銀",35,0,0,0,"","",,"",,,
143,2,"スパイ黄金川貫至ICONIC","トス","速攻","銀",31,0,0,0,"","",,"",,,
145,2,"格ゲー黄金川貫至ICONIC","トス","速攻","銀",32,0,0,0,"","",,"",,,
153,2,"寝正月茂庭要ICONIC","トス","速攻","銅",30,0,0,0,"","",,"",,,
156,2,"ユニフォーム笹谷武仁ICONIC","トス","速攻","銅",23,0,0,0,"","",,"",,,
157,2,"梅雨2笹谷武仁ICONIC","トス","速攻","銅",23,0,0,0,"","",,"",,,
166,2,"和装体験及川徹ICONIC","トス","速攻","銀",30,0,0,0,"","",,"",,,
195,2,"ユニフォーム花巻貴大ICONIC","トス","速攻","銅",28,0,0,0,"","",,"",,,
196,2,"アート花巻貴大ICONIC","トス","速攻","銅",28,0,0,0,"","",,"",,,
197,2,"バーガー花巻貴大ICONIC","トス","速攻","銀",31,0,0,0,"","",,"",,,
198,2,"妖花巻貴大ICONIC","トス","速攻","銅",28,0,0,0,"","",,"",,,
199,2,"焼き芋花巻貴大ICONIC","トス","速攻","銅",28,0,0,0,"","",,"",,,
202,2,"ユニフォーム駒木輝ICONIC","トス","速攻","銅",27,0,0,0,"","",,"",,,
292,2,"文化祭3瀬見英太ICONIC","トス","速攻","銅",32,0,0,0,"","",,"",,,
293,2,"3周年瀬見英太ICONIC","トス","速攻","銀",35,0,0,0,"","",,"",,,
323,2,"制服宮治ICONIC","トス","速攻","銀",30,0,0,0,"","",,"",,,
378,2,"妖赤葦京治ICONIC","トス","速攻","銀",36,0,0,0,"","",,"",,,
380,2,"Xmas3赤葦京治ICONIC","トス","速攻","銀",36,0,0,0,"","",,"",,,
385,2,"ユニフォーム越後栄ICONIC","トス","速攻","銀",37,0,0,0,"","",,"",,,
404,2,"ユニフォーム小森元也ICONIC","トス","速攻","銅",26,0,0,0,"","",,"",,,
405,2,"キャンプ小森元也ICONIC","トス","速攻","銅",26,0,0,0,"","",,"",,,
406,2,"ハロウィン小森元也ICONIC","トス","速攻","銅",26,0,0,0,"","",,"",,,
419,2,"ユニフォーム先島伊澄ICONIC","トス","速攻","銀",34,0,0,0,"","",,"",,,
11,2,"ユニフォーム影山飛雄ICONIC","トス","速攻","金",33,0,0,0,"","",,"",,,
12,2,"制服影山飛雄ICONIC","トス","速攻","金",33,0,0,0,"","",,"",,,
13,2,"夏祭り影山飛雄ICONIC","トス","速攻","金",33,0,0,0,"","",,"",,,
14,2,"Xmas影山飛雄ICONIC","トス","速攻","金",33,0,0,0,"","",,"",,,
15,2,"1周年影山飛雄ICONIC","トス","速攻","金",33,0,0,0,"","",,"",,,
16,2,"王冠影山飛雄ICONIC","トス","速攻","金",33,0,0,0,"","",,"",,,
17,2,"ジャージ影山飛雄ICONIC","トス","速攻","金",34,0,0,0,"","",,"",,,
18,2,"2周年影山飛雄ICONIC","トス","速攻","金",33,0,0,0,"","",,"",,,
20,2,"文化祭3影山飛雄ICONIC","トス","速攻","金",35,0,0,0,"","",,"",,,
21,2,"格ゲー影山飛雄ICONIC","トス","速攻","金",34,0,0,0,"","",,"",,,
65,2,"夏祭り2菅原考支ICONIC","トス","速攻","金",32,0,0,0,"","",,"",,,
81,2,"ユニフォーム孤爪研磨ICONIC","トス","速攻","金",31,0,0,0,"","",,"",,,
82,2,"制服孤爪研磨ICONIC","トス","速攻","金",31,0,0,0,"","",,"",,,
83,2,"夏祭り孤爪研磨ICONIC","トス","速攻","金",31,0,0,0,"","",,"",,,
84,2,"1周年孤爪研磨ICONIC","トス","速攻","金",31,0,0,0,"","",,"",,,
85,2,"スパイ孤爪研磨ICONIC","トス","速攻","金",31,0,0,0,"","",,"",,,
86,2,"Xmas2孤爪研磨ICONIC","トス","速攻","金",32,0,0,0,"","",,"",,,
87,2,"中学生孤爪研磨ICONIC","トス","速攻","金",31,0,0,0,"","",,"",,,
88,2,"ハロウィン孤爪研磨ICONIC","トス","速攻","金",32,0,0,0,"","",,"",,,
89,2,"寝正月孤爪研磨ICONIC","トス","速攻","金",34,0,0,0,"","",,"",,,
140,2,"ユニフォーム黄金川貫至ICONIC","トス","速攻","金",34,0,0,0,"","",,"",,,
141,2,"制服黄金川貫至ICONIC","トス","速攻","金",34,0,0,0,"","",,"",,,
142,2,"職業体験黄金川貫至ICONIC","トス","速攻","金",34,0,0,0,"","",,"",,,
144,2,"焼き芋黄金川貫至ICONIC","トス","速攻","金",35,0,0,0,"","",,"",,,
152,2,"ユニフォーム茂庭要ICONIC","トス","速攻","金",36,0,0,0,"","",,"",,,
158,2,"ユニフォーム及川徹ICONIC","トス","速攻","金",33,0,0,0,"","",,"",,,
159,2,"プール掃除及川徹ICONIC","トス","速攻","金",33,0,0,0,"","",,"",,,
160,2,"Xmas及川徹ICONIC","トス","速攻","金",33,0,0,0,"","",,"",,,
161,2,"制服及川徹ICONIC","トス","速攻","金",33,0,0,0,"","",,"",,,
162,2,"路地裏及川徹ICONIC","トス","速攻","金",33,0,0,0,"","",,"",,,
163,2,"バカンス及川徹ICONIC","トス","速攻","金",34,0,0,0,"","",,"",,,
164,2,"2周年及川徹ICONIC","トス","速攻","金",33,0,0,0,"","",,"",,,
165,2,"夏祭り2及川徹ICONIC","トス","速攻","金",35,0,0,0,"","",,"",,,
167,2,"格ゲー及川徹ICONIC","トス","速攻","金",37,0,0,0,"","",,"",,,
200,2,"ユニフォーム矢巾秀ICONIC","トス","速攻","金",35,0,0,0,"","",,"",,,
201,2,"キャンプ矢巾秀ICONIC","トス","速攻","金",35,0,0,0,"","",,"",,,
206,2,"ユニフォーム芳賀良治ICONIC","トス","速攻","金",31,0,0,0,"","",,"",,,
218,2,"ユニフォーム夏瀬伊吹ICONIC","トス","速攻","金",32,0,0,0,"","",,"",,,
219,2,"ユニフォーム秋宮昇ICONIC","トス","速攻","金",37,0,0,0,"","",,"",,,
220,2,"ユニフォーム古牧譲ICONIC","トス","速攻","金",36,0,0,0,"","",,"",,,
221,2,"雪遊び古牧譲ICONIC","トス","速攻","金",36,0,0,0,"","",,"",,,
237,2,"ユニフォーム二岐丈晴ICONIC","トス","速攻","金",35,0,0,0,"","",,"",,,
238,2,"制服二岐丈晴ICONIC","トス","速攻","金",35,0,0,0,"","",,"",,,
246,2,"ユニフォーム花山一雅ICONIC","トス","速攻","金",37,0,0,0,"","",,"",,,
276,2,"ユニフォーム白布賢二郎ICONIC","トス","速攻","金",34,0,0,0,"","",,"",,,
277,2,"探偵白布賢二郎ICONIC","トス","速攻","金",34,0,0,0,"","",,"",,,
278,2,"制服白布賢二郎ICONIC","トス","速攻","金",35,0,0,0,"","",,"",,,
279,2,"バカンス白布賢二郎ICONIC","トス","速攻","金",35,0,0,0,"","",,"",,,
280,2,"路地裏2白布賢二郎ICONIC","トス","速攻","金",36,0,0,0,"","",,"",,,
281,2,"文化祭3白布賢二郎ICONIC","トス","速攻","金",35,0,0,0,"","",,"",,,
282,2,"3周年白布賢二郎ICONIC","トス","速攻","金",37,0,0,0,"","",,"",,,
288,2,"ユニフォーム瀬見英太ICONIC","トス","速攻","金",38,0,0,0,"","",,"",,,
289,2,"雪遊び瀬見英太ICONIC","トス","速攻","金",38,0,0,0,"","",,"",,,
290,2,"バカンス瀬見英太ICONIC","トス","速攻","金",38,0,0,0,"","",,"",,,
291,2,"アート2瀬見英太ICONIC","トス","速攻","金",38,0,0,0,"","",,"",,,
299,2,"ユニフォーム七沢健吾ICONIC","トス","速攻","金",34,0,0,0,"","",,"",,,
306,2,"ユニフォーム名栗翔太ICONIC","トス","速攻","金",36,0,0,0,"","",,"",,,
309,2,"ユニフォーム宮侑ICONIC","トス","速攻","金",38,0,0,0,"","",,"",,,
310,2,"文化祭宮侑ICONIC","トス","速攻","金",38,0,0,0,"","",,"",,,
311,2,"RPG宮侑ICONIC","トス","速攻","金",38,0,0,0,"","",,"",,,
312,2,"カンフー宮侑ICONIC","トス","速攻","金",38,0,0,0,"","",,"",,,
313,2,"新年2宮侑ICONIC","トス","速攻","金",39,0,0,0,"","",,"",,,
314,2,"サバゲ2宮侑ICONIC","トス","速攻","金",38,0,0,0,"","",,"",,,
315,2,"制服宮侑ICONIC","トス","速攻","金",40,0,0,0,"","",,"",,,
316,2,"3周年宮侑ICONIC","トス","速攻","金",41,0,0,0,"","",,"",,,
317,2,"思い出宮侑ICONIC","トス","速攻","金",39,0,0,0,"","",,"",,,
325,2,"思い出宮治ICONIC","トス","速攻","金",36,0,0,0,"","",,"",,,
373,2,"ユニフォーム赤葦京治ICONIC","トス","速攻","金",38,0,0,0,"","",,"",,,
374,2,"夏祭り赤葦京治ICONIC","トス","速攻","金",38,0,0,0,"","",,"",,,
375,2,"制服赤葦京治ICONIC","トス","速攻","金",38,0,0,0,"","",,"",,,
376,2,"バーガー赤葦京治ICONIC","トス","速攻","金",38,0,0,0,"","",,"",,,
377,2,"仮装赤葦京治ICONIC","トス","速攻","金",41,0,0,0,"","",,"",,,
379,2,"焼き芋赤葦京治ICONIC","トス","速攻","金",42,0,0,0,"","",,"",,,
381,2,"3周年赤葦京治ICONIC","トス","速攻","金",44,0,0,0,"","",,"",,,
422,2,"ユニフォーム白峰周ICONIC","トス","速攻","金",38,0,0,0,"","",,"",,,
49,2,"制服田中龍之介ICONIC","トス","ダイレクト","銀",30,0,0,0,"","",,"",,,
52,2,"仮装田中龍之介ICONIC","トス","ダイレクト","銀",30,0,0,0,"","",,"",,,
169,2,"プール掃除岩泉一ICONIC","トス","ダイレクト","銀",28,0,0,0,"","",,"",,,
176,2,"ユニフォーム金田一勇太郎ICONIC","トス","ダイレクト","銀",25,0,0,0,"","",,"",,,
177,2,"雪遊び金田一勇太郎ICONIC","トス","ダイレクト","銀",25,0,0,0,"","",,"",,,
178,2,"カンフー金田一勇太郎ICONIC","トス","ダイレクト","銀",25,0,0,0,"","",,"",,,
179,2,"中学生金田一勇太郎ICONIC","トス","ダイレクト","銀",25,0,0,0,"","",,"",,,
187,2,"中学生国見英ICONIC","トス","ダイレクト","銀",34,0,0,0,"","",,"",,,
255,2,"新年牛島若利ICONIC","トス","ダイレクト","銀",33,0,0,0,"","",,"",,,
256,2,"制服牛島若利ICONIC","トス","ダイレクト","銀",30,0,0,0,"","",,"",,,
265,2,"制服天童覚ICONIC","トス","ダイレクト","銀",33,0,0,0,"","",,"",,,
353,2,"夏祭り木兎光太郎ICONIC","トス","ダイレクト","銀",33,0,0,0,"","",,"",,,
354,2,"Xmas木兎光太郎ICONIC","トス","ダイレクト","銀",30,0,0,0,"","",,"",,,
355,2,"制服木兎光太郎ICONIC","トス","ダイレクト","銀",30,0,0,0,"","",,"",,,
356,2,"キャンプ木兎光太郎ICONIC","トス","ダイレクト","銀",30,0,0,0,"","",,"",,,
357,2,"2周年木兎光太郎ICONIC","トス","ダイレクト","銀",30,0,0,0,"","",,"",,,
358,2,"焼き芋木兎光太郎ICONIC","トス","ダイレクト","銀",30,0,0,0,"","",,"",,,
359,2,"3周年木兎光太郎ICONIC","トス","ダイレクト","銀",31,0,0,0,"","",,"",,,
360,2,"梅雨2木兎光太郎ICONIC","トス","ダイレクト","銀",31,0,0,0,"","",,"",,,
363,2,"梅雨木葉秋紀ICONIC","トス","ダイレクト","銀",31,0,0,0,"","",,"",,,
408,2,"新年大将優ICONIC","トス","ダイレクト","銀",31,0,0,0,"","",,"",,,
411,2,"梅雨2大将優ICONIC","トス","ダイレクト","銀",31,0,0,0,"","",,"",,,
1,2,"ユニフォーム日向翔陽ICONIC","トス","ダイレクト","銅",24,0,0,0,"","",,"",,,
2,2,"制服日向翔陽ICONIC","トス","ダイレクト","銅",24,0,0,0,"","",,"",,,
3,2,"夏祭り日向翔陽ICONIC","トス","ダイレクト","銅",24,0,0,0,"","",,"",,,
4,2,"1周年日向翔陽ICONIC","トス","ダイレクト","銅",24,0,0,0,"","",,"",,,
5,2,"王冠日向翔陽ICONIC","トス","ダイレクト","銅",24,0,0,0,"","",,"",,,
6,2,"ジャージ日向翔陽ICONIC","トス","ダイレクト","銅",24,0,0,0,"","",,"",,,
7,2,"遊園地日向翔陽ICONIC","トス","ダイレクト","銅",24,0,0,0,"","",,"",,,
8,2,"ハロウィン日向翔陽ICONIC","トス","ダイレクト","銅",24,0,0,0,"","",,"",,,
9,2,"和装体験日向翔陽ICONIC","トス","ダイレクト","銅",24,0,0,0,"","",,"",,,
10,2,"格ゲー日向翔陽ICONIC","トス","ダイレクト","銅",24,0,0,0,"","",,"",,,
22,2,"ユニフォーム月島蛍ICONIC","トス","ダイレクト","銅",23,0,0,0,"","",,"",,,
23,2,"水着月島蛍ICONIC","トス","ダイレクト","銅",23,0,0,0,"","",,"",,,
24,2,"職業体験月島蛍ICONIC","トス","ダイレクト","銅",23,0,0,0,"","",,"",,,
25,2,"1周年月島蛍ICONIC","トス","ダイレクト","銅",23,0,0,0,"","",,"",,,
26,2,"花火月島蛍ICONIC","トス","ダイレクト","銅",23,0,0,0,"","",,"",,,
27,2,"ジャージ月島蛍ICONIC","トス","ダイレクト","銅",23,0,0,0,"","",,"",,,
28,2,"2周年月島蛍ICONIC","トス","ダイレクト","銅",23,0,0,0,"","",,"",,,
29,2,"アート2月島蛍ICONIC","トス","ダイレクト","銅",23,0,0,0,"","",,"",,,
30,2,"焼き芋月島蛍ICONIC","トス","ダイレクト","銅",24,0,0,0,"","",,"",,,
31,2,"寝正月月島蛍ICONIC","トス","ダイレクト","銅",24,0,0,0,"","",,"",,,
32,2,"思い出月島蛍ICONIC","トス","ダイレクト","銅",24,0,0,0,"","",,"",,,
48,2,"ユニフォーム田中龍之介ICONIC","トス","ダイレクト","銅",27,0,0,0,"","",,"",,,
50,2,"新年田中龍之介ICONIC","トス","ダイレクト","銅",27,0,0,0,"","",,"",,,
51,2,"RPG田中龍之介ICONIC","トス","ダイレクト","銅",27,0,0,0,"","",,"",,,
53,2,"Xmas3田中龍之介ICONIC","トス","ダイレクト","銅",27,0,0,0,"","",,"",,,
54,2,"ユニフォーム澤村大地ICONIC","トス","ダイレクト","銅",23,0,0,0,"","",,"",,,
55,2,"プール掃除澤村大地ICONIC","トス","ダイレクト","銅",23,0,0,0,"","",,"",,,
56,2,"文化祭澤村大地ICONIC","トス","ダイレクト","銅",23,0,0,0,"","",,"",,,
57,2,"RPG澤村大地ICONIC","トス","ダイレクト","銅",23,0,0,0,"","",,"",,,
58,2,"新年2澤村大地ICONIC","トス","ダイレクト","銅",23,0,0,0,"","",,"",,,
59,2,"Xmas3澤村大地ICONIC","トス","ダイレクト","銅",23,0,0,0,"","",,"",,,
66,2,"ユニフォーム東峰旭ICONIC","トス","ダイレクト","銅",21,0,0,0,"","",,"",,,
67,2,"プール掃除東峰旭ICONIC","トス","ダイレクト","銅",19,0,0,0,"","",,"",,,
68,2,"サバゲ東峰旭ICONIC","トス","ダイレクト","銅",21,0,0,0,"","",,"",,,
69,2,"夏祭り2東峰旭ICONIC","トス","ダイレクト","銅",22,0,0,0,"","",,"",,,
70,2,"和装体験東峰旭ICONIC","トス","ダイレクト","銅",21,0,0,0,"","",,"",,,
71,2,"ユニフォーム東峰旭YELL","トス","ダイレクト","銅",21,0,0,0,"","",,"",,,
76,2,"ユニフォーム木下久志ICONIC","トス","ダイレクト","銅",21,0,0,0,"","",,"",,,
77,2,"妖木下久志ICONIC","トス","ダイレクト","銅",21,0,0,0,"","",,"",,,
78,2,"ユニフォーム成田一仁ICONIC","トス","ダイレクト","銅",24,0,0,0,"","",,"",,,
80,2,"格ゲー谷地仁花ICONIC","トス","ダイレクト","銅",28,0,0,0,"","",,"",,,
91,2,"ユニフォーム黒尾鉄朗ICONIC","トス","ダイレクト","銅",29,0,0,0,"","",,"",,,
92,2,"制服黒尾鉄朗ICONIC","トス","ダイレクト","銅",29,0,0,0,"","",,"",,,
93,2,"夏祭り黒尾鉄朗ICONIC","トス","ダイレクト","銅",29,0,0,0,"","",,"",,,
94,2,"1周年黒尾鉄朗ICONIC","トス","ダイレクト","銅",29,0,0,0,"","",,"",,,
95,2,"キャンプ黒尾鉄朗ICONIC","トス","ダイレクト","銅",29,0,0,0,"","",,"",,,
96,2,"文化祭2黒尾鉄朗ICONIC","トス","ダイレクト","銅",29,0,0,0,"","",,"",,,
97,2,"中学生黒尾鉄朗ICONIC","トス","ダイレクト","銅",29,0,0,0,"","",,"",,,
98,2,"ハロウィン黒尾鉄朗ICONIC","トス","ダイレクト","銅",29,0,0,0,"","",,"",,,
99,2,"和装体験黒尾鉄朗ICONIC","トス","ダイレクト","銅",29,0,0,0,"","",,"",,,
100,2,"思い出黒尾鉄朗ICONIC","トス","ダイレクト","銅",30,0,0,0,"","",,"",,,
101,2,"ユニフォーム灰羽リエーフICONIC","トス","ダイレクト","銅",30,0,0,0,"","",,"",,,
102,2,"探偵灰羽リエーフICONIC","トス","ダイレクト","銅",30,0,0,0,"","",,"",,,
103,2,"路地裏灰羽リエーフICONIC","トス","ダイレクト","銅",30,0,0,0,"","",,"",,,
104,2,"文化祭2灰羽リエーフICONIC","トス","ダイレクト","銅",30,0,0,0,"","",,"",,,
105,2,"サバゲ2灰羽リエーフICONIC","トス","ダイレクト","銅",30,0,0,0,"","",,"",,,
112,2,"ユニフォーム福永招平ICONIC","トス","ダイレクト","銅",25,0,0,0,"","",,"",,,
113,2,"バーガー福永招平ICONIC","トス","ダイレクト","銅",25,0,0,0,"","",,"",,,
114,2,"アート2福永招平ICONIC","トス","ダイレクト","銅",25,0,0,0,"","",,"",,,
115,2,"ユニフォーム犬岡走ICONIC","トス","ダイレクト","銅",25,0,0,0,"","",,"",,,
116,2,"新年犬岡走ICONIC","トス","ダイレクト","銅",25,0,0,0,"","",,"",,,
122,2,"ユニフォーム海信之ICONIC","トス","ダイレクト","銅",26,0,0,0,"","",,"",,,
123,2,"遊園地海信之ICONIC","トス","ダイレクト","銅",26,0,0,0,"","",,"",,,
124,2,"ユニフォーム海信之YELL","トス","ダイレクト","銅",26,0,0,0,"","",,"",,,
126,2,"ユニフォーム青根高伸ICONIC","トス","ダイレクト","銅",26,0,0,0,"","",,"",,,
127,2,"制服青根高伸ICONIC","トス","ダイレクト","銅",26,0,0,0,"","",,"",,,
128,2,"プール掃除青根高伸ICONIC","トス","ダイレクト","銅",26,0,0,0,"","",,"",,,
129,2,"キャンプ青根高伸ICONIC","トス","ダイレクト","銅",26,0,0,0,"","",,"",,,
130,2,"甲冑青根高伸ICONIC","トス","ダイレクト","銅",26,0,0,0,"","",,"",,,
131,2,"Xmas3青根高伸ICONIC","トス","ダイレクト","銅",26,0,0,0,"","",,"",,,
132,2,"ユニフォーム二口堅治ICONIC","トス","ダイレクト","銅",32,0,0,0,"","",,"",,,
133,2,"制服二口堅治ICONIC","トス","ダイレクト","銅",32,0,0,0,"","",,"",,,
134,2,"プール掃除二口堅治ICONIC","トス","ダイレクト","銅",32,0,0,0,"","",,"",,,
135,2,"路地裏二口堅治ICONIC","トス","ダイレクト","銅",32,0,0,0,"","",,"",,,
136,2,"甲冑二口堅治ICONIC","トス","ダイレクト","銅",32,0,0,0,"","",,"",,,
137,2,"2周年二口堅治ICONIC","トス","ダイレクト","銅",32,0,0,0,"","",,"",,,
138,2,"アート2二口堅治ICONIC","トス","ダイレクト","銅",32,0,0,0,"","",,"",,,
139,2,"Xmas3二口堅治ICONIC","トス","ダイレクト","銅",32,0,0,0,"","",,"",,,
146,2,"ユニフォーム小原豊ICONIC","トス","ダイレクト","銅",26,0,0,0,"","",,"",,,
147,2,"ユニフォーム女川太郎ICONIC","トス","ダイレクト","銅",27,0,0,0,"","",,"",,,
148,2,"水着2女川太郎ICONIC","トス","ダイレクト","銅",27,0,0,0,"","",,"",,,
151,2,"ユニフォーム吹上仁悟ICONIC","トス","ダイレクト","銅",25,0,0,0,"","",,"",,,
154,2,"ユニフォーム鎌先靖志ICONIC","トス","ダイレクト","銅",30,0,0,0,"","",,"",,,
155,2,"甲冑鎌先靖志ICONIC","トス","ダイレクト","銅",30,0,0,0,"","",,"",,,
168,2,"ユニフォーム岩泉一ICONIC","トス","ダイレクト","銅",25,0,0,0,"","",,"",,,
170,2,"制服岩泉一ICONIC","トス","ダイレクト","銅",25,0,0,0,"","",,"",,,
171,2,"サバゲ岩泉一ICONIC","トス","ダイレクト","銅",25,0,0,0,"","",,"",,,
172,2,"バカンス岩泉一ICONIC","トス","ダイレクト","銅",25,0,0,0,"","",,"",,,
173,2,"路地裏2岩泉一ICONIC","トス","ダイレクト","銅",25,0,0,0,"","",,"",,,
174,2,"夏祭り2岩泉一ICONIC","トス","ダイレクト","銅",25,0,0,0,"","",,"",,,
175,2,"Xmas3岩泉一ICONIC","トス","ダイレクト","銅",25,0,0,0,"","",,"",,,
180,2,"ユニフォーム京谷賢太郎ICONIC","トス","ダイレクト","銅",28,0,0,0,"","",,"",,,
181,2,"梅雨京谷賢太郎ICONIC","トス","ダイレクト","銅",28,0,0,0,"","",,"",,,
182,2,"水着2京谷賢太郎ICONIC","トス","ダイレクト","銅",28,0,0,0,"","",,"",,,
183,2,"ユニフォーム国見英ICONIC","トス","ダイレクト","銅",30,0,0,0,"","",,"",,,
184,2,"職業体験国見英ICONIC","トス","ダイレクト","銅",30,0,0,0,"","",,"",,,
185,2,"路地裏国見英ICONIC","トス","ダイレクト","銅",30,0,0,0,"","",,"",,,
186,2,"カンフー国見英ICONIC","トス","ダイレクト","銅",30,0,0,0,"","",,"",,,
188,2,"寝正月国見英ICONIC","トス","ダイレクト","銅",30,0,0,0,"","",,"",,,
189,2,"梅雨2国見英ICONIC","トス","ダイレクト","銅",31,0,0,0,"","",,"",,,
191,2,"ユニフォーム松川一静ICONIC","トス","ダイレクト","銅",25,0,0,0,"","",,"",,,
192,2,"アート松川一静ICONIC","トス","ダイレクト","銅",25,0,0,0,"","",,"",,,
193,2,"バカンス松川一静ICONIC","トス","ダイレクト","銅",25,0,0,0,"","",,"",,,
194,2,"焼き芋松川一静ICONIC","トス","ダイレクト","銅",25,0,0,0,"","",,"",,,
203,2,"ユニフォーム茶屋和馬ICONIC","トス","ダイレクト","銅",23,0,0,0,"","",,"",,,
204,2,"ユニフォーム玉川弘樹ICONIC","トス","ダイレクト","銅",29,0,0,0,"","",,"",,,
207,2,"ユニフォーム渋谷陸斗ICONIC","トス","ダイレクト","銅",24,0,0,0,"","",,"",,,
208,2,"ユニフォーム池尻隼人ICONIC","トス","ダイレクト","銅",30,0,0,0,"","",,"",,,
209,2,"文化祭2池尻隼人ICONIC","トス","ダイレクト","銅",30,0,0,0,"","",,"",,,
210,2,"遊園地池尻隼人ICONIC","トス","ダイレクト","銅",30,0,0,0,"","",,"",,,
211,2,"ユニフォーム十和田良樹ICONIC","トス","ダイレクト","銅",30,0,0,0,"","",,"",,,
212,2,"ユニフォーム森岳歩ICONIC","トス","ダイレクト","銅",24,0,0,0,"","",,"",,,
213,2,"ユニフォーム唐松拓巳ICONIC","トス","ダイレクト","銅",30,0,0,0,"","",,"",,,
214,2,"ユニフォーム田沢裕樹ICONIC","トス","ダイレクト","銅",30,0,0,0,"","",,"",,,
215,2,"ユニフォーム子安颯真ICONIC","トス","ダイレクト","銅",25,0,0,0,"","",,"",,,
216,2,"サバゲ2子安颯真ICONIC","トス","ダイレクト","銅",25,0,0,0,"","",,"",,,
222,2,"ユニフォーム浅虫快人ICONIC","トス","ダイレクト","銅",31,0,0,0,"","",,"",,,
224,2,"ユニフォーム湯川良明ICONIC","トス","ダイレクト","銅",25,0,0,0,"","",,"",,,
225,2,"ユニフォーム稲垣功ICONIC","トス","ダイレクト","銅",31,0,0,0,"","",,"",,,
226,2,"ユニフォーム馬門英治ICONIC","トス","ダイレクト","銅",25,0,0,0,"","",,"",,,
227,2,"ユニフォーム百沢雄大ICONIC","トス","ダイレクト","銅",29,0,0,0,"","",,"",,,
228,2,"職業体験百沢雄大ICONIC","トス","ダイレクト","銅",29,0,0,0,"","",,"",,,
229,2,"ユニフォーム照島游児ICONIC","トス","ダイレクト","銅",33,0,0,0,"","",,"",,,
230,2,"制服照島游児ICONIC","トス","ダイレクト","銅",33,0,0,0,"","",,"",,,
231,2,"雪遊び照島游児ICONIC","トス","ダイレクト","銅",33,0,0,0,"","",,"",,,
232,2,"スパイ照島游児ICONIC","トス","ダイレクト","銅",33,0,0,0,"","",,"",,,
233,2,"妖照島游児ICONIC","トス","ダイレクト","銅",33,0,0,0,"","",,"",,,
234,2,"格ゲー照島游児ICONIC","トス","ダイレクト","銅",33,0,0,0,"","",,"",,,
235,2,"ユニフォーム母畑和馬ICONIC","トス","ダイレクト","銅",25,0,0,0,"","",,"",,,
236,2,"アート2母畑和馬ICONIC","トス","ダイレクト","銅",25,0,0,0,"","",,"",,,
239,2,"ユニフォーム沼尻凛太郎ICONIC","トス","ダイレクト","銅",31,0,0,0,"","",,"",,,
240,2,"ユニフォーム飯坂信義ICONIC","トス","ダイレクト","銅",25,0,0,0,"","",,"",,,
241,2,"ユニフォーム東山勝道ICONIC","トス","ダイレクト","銅",31,0,0,0,"","",,"",,,
243,2,"ユニフォーム中島猛ICONIC","トス","ダイレクト","銅",33,0,0,0,"","",,"",,,
244,2,"スパイ中島猛ICONIC","トス","ダイレクト","銅",33,0,0,0,"","",,"",,,
245,2,"ユニフォーム白石優希ICONIC","トス","ダイレクト","銅",29,0,0,0,"","",,"",,,
247,2,"ユニフォーム鳴子哲平ICONIC","トス","ダイレクト","銅",24,0,0,0,"","",,"",,,
249,2,"ユニフォーム松島剛ICONIC","トス","ダイレクト","銅",23,0,0,0,"","",,"",,,
250,2,"妖松島剛ICONIC","トス","ダイレクト","銅",23,0,0,0,"","",,"",,,
251,2,"ユニフォーム川渡瞬己ICONIC","トス","ダイレクト","銅",34,0,0,0,"","",,"",,,
252,2,"サバゲ2川渡瞬己ICONIC","トス","ダイレクト","銅",34,0,0,0,"","",,"",,,
253,2,"ユニフォーム牛島若利ICONIC","トス","ダイレクト","銅",30,0,0,0,"","",,"",,,
254,2,"水着牛島若利ICONIC","トス","ダイレクト","銅",30,0,0,0,"","",,"",,,
257,2,"文化祭2牛島若利ICONIC","トス","ダイレクト","銅",30,0,0,0,"","",,"",,,
258,2,"妖牛島若利ICONIC","トス","ダイレクト","銅",30,0,0,0,"","",,"",,,
259,2,"ハロウィン牛島若利ICONIC","トス","ダイレクト","銅",30,0,0,0,"","",,"",,,
260,2,"Xmas3牛島若利ICONIC","トス","ダイレクト","銅",30,0,0,0,"","",,"",,,
261,2,"3周年牛島若利ICONIC","トス","ダイレクト","銅",31,0,0,0,"","",,"",,,
262,2,"ユニフォーム天童覚ICONIC","トス","ダイレクト","銅",30,0,0,0,"","",,"",,,
263,2,"水着天童覚ICONIC","トス","ダイレクト","銅",30,0,0,0,"","",,"",,,
264,2,"文化祭天童覚ICONIC","トス","ダイレクト","銅",30,0,0,0,"","",,"",,,
266,2,"仮装天童覚ICONIC","トス","ダイレクト","銅",30,0,0,0,"","",,"",,,
267,2,"遊園地天童覚ICONIC","トス","ダイレクト","銅",30,0,0,0,"","",,"",,,
268,2,"Xmas3天童覚ICONIC","トス","ダイレクト","銅",30,0,0,0,"","",,"",,,
269,2,"思い出天童覚ICONIC","トス","ダイレクト","銅",30,0,0,0,"","",,"",,,
270,2,"ユニフォーム五色工ICONIC","トス","ダイレクト","銅",31,0,0,0,"","",,"",,,
271,2,"職業体験五色工ICONIC","トス","ダイレクト","銅",31,0,0,0,"","",,"",,,
272,2,"制服五色工ICONIC","トス","ダイレクト","銅",31,0,0,0,"","",,"",,,
273,2,"バカンス五色工ICONIC","トス","ダイレクト","銅",31,0,0,0,"","",,"",,,
274,2,"Xmas2五色工ICONIC","トス","ダイレクト","銅",31,0,0,0,"","",,"",,,
275,2,"サバゲ2五色工ICONIC","トス","ダイレクト","銅",31,0,0,0,"","",,"",,,
283,2,"ユニフォーム大平獅音ICONIC","トス","ダイレクト","銅",31,0,0,0,"","",,"",,,
284,2,"格ゲー大平獅音ICONIC","トス","ダイレクト","銅",31,0,0,0,"","",,"",,,
285,2,"ユニフォーム川西太一ICONIC","トス","ダイレクト","銅",31,0,0,0,"","",,"",,,
286,2,"路地裏川西太一ICONIC","トス","ダイレクト","銅",31,0,0,0,"","",,"",,,
287,2,"寝正月川西太一ICONIC","トス","ダイレクト","銅",31,0,0,0,"","",,"",,,
295,2,"ユニフォーム強羅昌己ICONIC","トス","ダイレクト","銅",29,0,0,0,"","",,"",,,
296,2,"ユニフォーム芦谷洋平ICONIC","トス","ダイレクト","銅",31,0,0,0,"","",,"",,,
297,2,"ユニフォーム仙石伸吾ICONIC","トス","ダイレクト","銅",24,0,0,0,"","",,"",,,
300,2,"ユニフォーム伊勢原裕次ICONIC","トス","ダイレクト","銅",25,0,0,0,"","",,"",,,
302,2,"ユニフォーム千鹿谷栄吉ICONIC","トス","ダイレクト","銅",30,0,0,0,"","",,"",,,
305,2,"ユニフォーム児玉勝ICONIC","トス","ダイレクト","銅",30,0,0,0,"","",,"",,,
307,2,"ユニフォーム島府典明ICONIC","トス","ダイレクト","銅",30,0,0,0,"","",,"",,,
308,2,"ユニフォーム吉川和孝ICONIC","トス","ダイレクト","銅",25,0,0,0,"","",,"",,,
318,2,"ユニフォーム宮治ICONIC","トス","ダイレクト","銅",29,0,0,0,"","",,"",,,
319,2,"RPG宮治ICONIC","トス","ダイレクト","銅",29,0,0,0,"","",,"",,,
321,2,"遊園地宮治ICONIC","トス","ダイレクト","銅",29,0,0,0,"","",,"",,,
322,2,"夏祭り2宮治ICONIC","トス","ダイレクト","銅",30,0,0,0,"","",,"",,,
324,2,"3周年宮治ICONIC","トス","ダイレクト","銅",30,0,0,0,"","",,"",,,
326,2,"ユニフォーム角名倫太郎ICONIC","トス","ダイレクト","銅",33,0,0,0,"","",,"",,,
327,2,"サバゲ角名倫太郎ICONIC","トス","ダイレクト","銅",33,0,0,0,"","",,"",,,
328,2,"花火角名倫太郎ICONIC","トス","ダイレクト","銅",33,0,0,0,"","",,"",,,
329,2,"路地裏2角名倫太郎ICONIC","トス","ダイレクト","銅",33,0,0,0,"","",,"",,,
330,2,"水着2角名倫太郎ICONIC","トス","ダイレクト","銅",33,0,0,0,"","",,"",,,
331,2,"制服角名倫太郎ICONIC","トス","ダイレクト","銅",33,0,0,0,"","",,"",,,
332,2,"寝正月角名倫太郎ICONIC","トス","ダイレクト","銅",33,0,0,0,"","",,"",,,
333,2,"3周年角名倫太郎ICONIC","トス","ダイレクト","銅",33,0,0,0,"","",,"",,,
334,2,"ユニフォーム北信介ICONIC","トス","ダイレクト","銅",31,0,0,0,"","",,"",,,
335,2,"Xmas北信介ICONIC","トス","ダイレクト","銅",31,0,0,0,"","",,"",,,
336,2,"スパイ北信介ICONIC","トス","ダイレクト","銅",31,0,0,0,"","",,"",,,
337,2,"新年2北信介ICONIC","トス","ダイレクト","銅",31,0,0,0,"","",,"",,,
338,2,"職業体験2北信介ICONIC","トス","ダイレクト","銅",31,0,0,0,"","",,"",,,
339,2,"制服北信介ICONIC","トス","ダイレクト","銅",31,0,0,0,"","",,"",,,
340,2,"和装体験北信介ICONIC","トス","ダイレクト","銅",31,0,0,0,"","",,"",,,
341,2,"思い出北信介ICONIC","トス","ダイレクト","銅",31,0,0,0,"","",,"",,,
342,2,"ユニフォーム尾白アランICONIC","トス","ダイレクト","銅",26,0,0,0,"","",,"",,,
343,2,"雪遊び尾白アランICONIC","トス","ダイレクト","銅",26,0,0,0,"","",,"",,,
344,2,"夏祭り2尾白アランICONIC","トス","ダイレクト","銅",26,0,0,0,"","",,"",,,
347,2,"ユニフォーム大耳練ICONIC","トス","ダイレクト","銅",27,0,0,0,"","",,"",,,
348,2,"和装体験大耳練ICONIC","トス","ダイレクト","銅",27,0,0,0,"","",,"",,,
349,2,"ユニフォーム理石平介ICONIC","トス","ダイレクト","銅",25,0,0,0,"","",,"",,,
350,2,"ユニフォーム銀島結ICONIC","トス","ダイレクト","銅",33,0,0,0,"","",,"",,,
351,2,"Xmas2銀島結ICONIC","トス","ダイレクト","銅",33,0,0,0,"","",,"",,,
352,2,"ユニフォーム木兎光太郎ICONIC","トス","ダイレクト","銅",30,0,0,0,"","",,"",,,
361,2,"ユニフォーム木葉秋紀ICONIC","トス","ダイレクト","銅",28,0,0,0,"","",,"",,,
362,2,"探偵木葉秋紀ICONIC","トス","ダイレクト","銅",28,0,0,0,"","",,"",,,
364,2,"路地裏2木葉秋紀ICONIC","トス","ダイレクト","銅",28,0,0,0,"","",,"",,,
365,2,"水着2木葉秋紀ICONIC","トス","ダイレクト","銅",28,0,0,0,"","",,"",,,
366,2,"ユニフォーム猿杙大和ICONIC","トス","ダイレクト","銅",29,0,0,0,"","",,"",,,
367,2,"ハロウィン猿杙大和ICONIC","トス","ダイレクト","銅",29,0,0,0,"","",,"",,,
370,2,"ユニフォーム尾長渉ICONIC","トス","ダイレクト","銅",27,0,0,0,"","",,"",,,
371,2,"ユニフォーム鷲尾辰生ICONIC","トス","ダイレクト","銅",25,0,0,0,"","",,"",,,
372,2,"ハロウィン鷲尾辰生ICONIC","トス","ダイレクト","銅",25,0,0,0,"","",,"",,,
382,2,"ユニフォーム姫川葵ICONIC","トス","ダイレクト","銅",28,0,0,0,"","",,"",,,
383,2,"花火姫川葵ICONIC","トス","ダイレクト","銅",28,0,0,0,"","",,"",,,
384,2,"ユニフォーム当間義友ICONIC","トス","ダイレクト","銅",29,0,0,0,"","",,"",,,
387,2,"ユニフォーム丸山一喜ICONIC","トス","ダイレクト","銅",33,0,0,0,"","",,"",,,
388,2,"ユニフォーム舞子侑志ICONIC","トス","ダイレクト","銅",23,0,0,0,"","",,"",,,
390,2,"ユニフォーム星海光来ICONIC","トス","ダイレクト","銅",32,0,0,0,"","",,"",,,
391,2,"文化祭星海光来ICONIC","トス","ダイレクト","銅",32,0,0,0,"","",,"",,,
392,2,"サバゲ星海光来ICONIC","トス","ダイレクト","銅",32,0,0,0,"","",,"",,,
393,2,"花火星海光来ICONIC","トス","ダイレクト","銅",32,0,0,0,"","",,"",,,
394,2,"新年2星海光来ICONIC","トス","ダイレクト","銅",32,0,0,0,"","",,"",,,
395,2,"格ゲー星海光来ICONIC","トス","ダイレクト","銅",32,0,0,0,"","",,"",,,
396,2,"ユニフォーム昼神幸郎ICONIC","トス","ダイレクト","銅",26,0,0,0,"","",,"",,,
397,2,"Xmas昼神幸郎ICONIC","トス","ダイレクト","銅",26,0,0,0,"","",,"",,,
398,2,"職業体験2昼神幸郎ICONIC","トス","ダイレクト","銅",26,0,0,0,"","",,"",,,
399,2,"寝正月昼神幸郎ICONIC","トス","ダイレクト","銅",26,0,0,0,"","",,"",,,
400,2,"ユニフォーム佐久早聖臣ICONIC","トス","ダイレクト","銅",32,0,0,0,"","",,"",,,
401,2,"サバゲ佐久早聖臣ICONIC","トス","ダイレクト","銅",32,0,0,0,"","",,"",,,
402,2,"新年2佐久早聖臣ICONIC","トス","ダイレクト","銅",32,0,0,0,"","",,"",,,
403,2,"和装体験佐久早聖臣ICONIC","トス","ダイレクト","銅",32,0,0,0,"","",,"",,,
407,2,"ユニフォーム大将優ICONIC","トス","ダイレクト","銅",28,0,0,0,"","",,"",,,
409,2,"カンフー大将優ICONIC","トス","ダイレクト","銅",28,0,0,0,"","",,"",,,
410,2,"妖大将優ICONIC","トス","ダイレクト","銅",28,0,0,0,"","",,"",,,
412,2,"ユニフォーム沼井和馬ICONIC","トス","ダイレクト","銅",31,0,0,0,"","",,"",,,
413,2,"ユニフォーム潜尚保ICONIC","トス","ダイレクト","銅",27,0,0,0,"","",,"",,,
414,2,"バーガー潜尚保ICONIC","トス","ダイレクト","銅",27,0,0,0,"","",,"",,,
415,2,"寝正月潜尚保ICONIC","トス","ダイレクト","銅",28,0,0,0,"","",,"",,,
416,2,"ユニフォーム高千穂恵也ICONIC","トス","ダイレクト","銅",26,0,0,0,"","",,"",,,
417,2,"ユニフォーム広尾倖児ICONIC","トス","ダイレクト","銅",25,0,0,0,"","",,"",,,
418,2,"カンフー広尾倖児ICONIC","トス","ダイレクト","銅",25,0,0,0,"","",,"",,,
420,2,"ユニフォーム背黒晃彦ICONIC","トス","ダイレクト","銅",31,0,0,0,"","",,"",,,
423,2,"ユニフォーム和倉久彦ICONIC","トス","ダイレクト","銅",29,0,0,0,"","",,"",,,
424,2,"ユニフォーム金沢伊織ICONIC","トス","ダイレクト","銅",25,0,0,0,"","",,"",,,
425,2,"ユニフォーム志賀智也ICONIC","トス","ダイレクト","銅",31,0,0,0,"","",,"",,,
427,2,"ユニフォーム深谷謙朗ICONIC","トス","ダイレクト","銅",27,0,0,0,"","",,"",,,
11,3,"ユニフォーム影山飛雄ICONIC","トス","クイックオープン","金",35,5,0,0,"","",,"",,,
12,3,"制服影山飛雄ICONIC","トス","クイックオープン","金",35,5,0,0,"","",,"",,,
13,3,"夏祭り影山飛雄ICONIC","トス","クイックオープン","金",35,5,0,0,"","",,"",,,
14,3,"Xmas影山飛雄ICONIC","トス","クイックオープン","金",35,5,0,0,"","",,"",,,
15,3,"1周年影山飛雄ICONIC","トス","クイックオープン","金",35,5,0,0,"","",,"",,,
16,3,"王冠影山飛雄ICONIC","トス","クイックオープン","金",35,5,0,0,"","",,"",,,
17,3,"ジャージ影山飛雄ICONIC","トス","クイックオープン","金",36,5,0,0,"","",,"",,,
18,3,"2周年影山飛雄ICONIC","トス","クイックオープン","金",35,5,0,0,"","",,"",,,
19,3,"中学生影山飛雄ICONIC","トス","クイックオープン","銀",32,5,0,0,"","",,"",,,
20,3,"文化祭3影山飛雄ICONIC","トス","クイックオープン","金",37,5,0,0,"","",,"",,,
21,3,"格ゲー影山飛雄ICONIC","トス","クイックオープン","金",36,5,0,0,"","",,"",,,
33,3,"ユニフォーム山口忠ICONIC","トス","ダイレクト","銅",21,0,0,0,"","",,"",,,
34,3,"水着山口忠ICONIC","トス","ダイレクト","銅",21,0,0,0,"","",,"",,,
35,3,"雪遊び山口忠ICONIC","トス","ダイレクト","銅",19,0,0,0,"","",,"",,,
36,3,"スパイ山口忠ICONIC","トス","ダイレクト","銅",21,0,0,0,"","",,"",,,
37,3,"ジャージ山口忠ICONIC","トス","ダイレクト","銅",21,0,0,0,"","",,"",,,
38,3,"焼き芋山口忠ICONIC","トス","ダイレクト","銅",21,0,0,0,"","",,"",,,
39,3,"思い出山口忠ICONIC","トス","ダイレクト","銅",22,0,0,0,"","",,"",,,
60,3,"ユニフォーム菅原考支ICONIC","トス","時間差","金",35,0,0,0,"","",,"",,,
61,3,"プール掃除菅原考支ICONIC","トス","時間差","金",35,0,0,0,"","",,"",,,
62,3,"文化祭菅原考支ICONIC","トス","時間差","金",35,0,0,0,"","",,"",,,
63,3,"梅雨菅原考支ICONIC","トス","クイックオープン","金",35,0,0,0,"","",,"",,,
64,3,"Xmas2菅原考支ICONIC","トス","時間差","金",36,0,0,0,"","",,"",,,
65,3,"夏祭り2菅原考支ICONIC","トス","時間差","金",35,0,0,0,"","",,"",,,
79,3,"格ゲー清水潔子ICONIC","トス","クイックオープン","金",39,0,0,0,"","",,"",,,
81,3,"ユニフォーム孤爪研磨ICONIC","トス","ブロード","銅",31,0,0,0,"","",,"",,,
82,3,"制服孤爪研磨ICONIC","トス","ブロード","銀",32,0,0,0,"","",,"",,,
83,3,"夏祭り孤爪研磨ICONIC","トス","ブロード","銅",31,0,0,0,"","",,"",,,
84,3,"1周年孤爪研磨ICONIC","トス","クイックオープン","銀",34,0,0,0,"","",,"",,,
85,3,"スパイ孤爪研磨ICONIC","トス","ブロード","銅",29,0,0,0,"","",,"",,,
86,3,"Xmas2孤爪研磨ICONIC","トス","ブロード","銀",34,0,0,0,"","",,"",,,
87,3,"中学生孤爪研磨ICONIC","トス","ブロード","銅",31,0,0,0,"","",,"",,,
88,3,"ハロウィン孤爪研磨ICONIC","トス","バックアタック","金",36,0,0,0,"","",,"",,,
89,3,"寝正月孤爪研磨ICONIC","トス","ブロード","銅",33,0,0,0,"","",,"",,,
90,3,"思い出孤爪研磨ICONIC","トス","バックアタック","銅",31,0,0,0,"","",,"",,,
125,3,"ユニフォーム手白球彦ICONIC","トス","ブロード","銅",32,0,0,0,"","",,"",,,
140,3,"ユニフォーム黄金川貫至ICONIC","トス","時間差","金",42,0,0,0,"","",,"",,,
141,3,"制服黄金川貫至ICONIC","トス","時間差","金",42,0,0,0,"","",,"",,,
142,3,"職業体験黄金川貫至ICONIC","トス","時間差","金",42,0,0,0,"","",,"",,,
143,3,"スパイ黄金川貫至ICONIC","トス","時間差","銅",36,0,0,0,"","",,"",,,
144,3,"焼き芋黄金川貫至ICONIC","トス","時間差","金",43,0,0,0,"","",,"",,,
145,3,"格ゲー黄金川貫至ICONIC","トス","時間差","銅",37,0,0,0,"","",,"",,,
152,3,"ユニフォーム茂庭要ICONIC","トス","クイックオープン","金",39,0,0,0,"","",,"",,,
153,3,"寝正月茂庭要ICONIC","トス","クイックオープン","金",39,0,0,0,"","",,"",,,
156,3,"ユニフォーム笹谷武仁ICONIC","トス","ツーアタック","銅",32,0,0,0,"","",,"",,,
157,3,"梅雨2笹谷武仁ICONIC","トス","ツーアタック","銅",32,0,0,0,"","",,"",,,
158,3,"ユニフォーム及川徹ICONIC","トス","時間差","銅",33,0,0,0,"","",,"",,,
159,3,"プール掃除及川徹ICONIC","トス","時間差","銅",33,0,0,0,"","",,"",,,
160,3,"Xmas及川徹ICONIC","トス","時間差","銅",33,0,0,0,"","",,"",,,
161,3,"制服及川徹ICONIC","トス","時間差","銅",33,0,0,0,"","",,"",,,
162,3,"路地裏及川徹ICONIC","トス","時間差","銀",36,0,0,0,"","",,"",,,
163,3,"バカンス及川徹ICONIC","トス","時間差","銀",36,0,0,0,"","",,"",,,
164,3,"2周年及川徹ICONIC","トス","時間差","銀",36,0,0,0,"","",,"",,,
165,3,"夏祭り2及川徹ICONIC","トス","時間差","金",40,0,0,0,"","",,"",,,
166,3,"和装体験及川徹ICONIC","トス","時間差","金",39,0,0,0,"","",,"",,,
167,3,"格ゲー及川徹ICONIC","トス","時間差","金",42,0,0,0,"","",,"",,,
195,3,"ユニフォーム花巻貴大ICONIC","トス","ダイレクト","銅",30,0,0,0,"","",,"",,,
196,3,"アート花巻貴大ICONIC","トス","ダイレクト","銅",30,0,0,0,"","",,"",,,
197,3,"バーガー花巻貴大ICONIC","トス","ダイレクト","銅",30,0,0,0,"","",,"",,,
198,3,"妖花巻貴大ICONIC","トス","ダイレクト","銅",30,0,0,0,"","",,"",,,
199,3,"焼き芋花巻貴大ICONIC","トス","ダイレクト","銅",30,0,0,0,"","",,"",,,
200,3,"ユニフォーム矢巾秀ICONIC","トス","時間差","金",38,0,0,0,"","",,"",,,
201,3,"キャンプ矢巾秀ICONIC","トス","時間差","金",38,0,0,0,"","",,"",,,
202,3,"ユニフォーム駒木輝ICONIC","トス","ダイレクト","銅",29,0,0,0,"","",,"",,,
206,3,"ユニフォーム芳賀良治ICONIC","トス","バックアタック","金",42,0,0,0,"","",,"",,,
218,3,"ユニフォーム夏瀬伊吹ICONIC","トス","時間差","金",14,0,0,0,"","",,"",,,
219,3,"ユニフォーム秋宮昇ICONIC","トス","クイックオープン","金",40,0,0,0,"","",,"",,,
220,3,"ユニフォーム古牧譲ICONIC","トス","ブロード","金",35,0,0,0,"","",,"",,,
221,3,"雪遊び古牧譲ICONIC","トス","ブロード","金",35,0,0,0,"","",,"",,,
237,3,"ユニフォーム二岐丈晴ICONIC","トス","クイックオープン","銅",31,0,0,0,"","",,"",,,
238,3,"制服二岐丈晴ICONIC","トス","クイックオープン","銅",32,0,0,0,"","",,"",,,
246,3,"ユニフォーム花山一雅ICONIC","トス","ブロード","金",42,0,0,0,"","",,"",,,
276,3,"ユニフォーム白布賢二郎ICONIC","トス","ブロード","金",36,0,0,0,"","",,"",,,
277,3,"探偵白布賢二郎ICONIC","トス","クイックオープン","銀",31,0,0,0,"","",,"",,,
278,3,"制服白布賢二郎ICONIC","トス","ブロード","金",37,0,0,0,"","",,"",,,
279,3,"バカンス白布賢二郎ICONIC","トス","クイックオープン","銀",31,0,0,0,"","",,"",,,
280,3,"路地裏2白布賢二郎ICONIC","トス","時間差","銀",33,0,0,0,"","",,"",,,
281,3,"文化祭3白布賢二郎ICONIC","トス","ブロード","金",37,0,0,0,"","",,"",,,
282,3,"3周年白布賢二郎ICONIC","トス","時間差","金",34,0,0,0,"","",,"",,,
288,3,"ユニフォーム瀬見英太ICONIC","トス","ブロード","金",25,0,0,0,"","",,"",,,
289,3,"雪遊び瀬見英太ICONIC","トス","ブロード","金",25,0,0,0,"","",,"",,,
290,3,"バカンス瀬見英太ICONIC","トス","ブロード","銀",22,0,0,0,"","",,"",,,
291,3,"アート2瀬見英太ICONIC","トス","ブロード","金",25,0,0,0,"","",,"",,,
292,3,"文化祭3瀬見英太ICONIC","トス","時間差","金",38,0,0,0,"","",,"",,,
293,3,"3周年瀬見英太ICONIC","トス","時間差","金",38,0,0,0,"","",,"",,,
299,3,"ユニフォーム七沢健吾ICONIC","トス","クイックオープン","銅",31,0,0,0,"","",,"",,,
306,3,"ユニフォーム名栗翔太ICONIC","トス","クイックオープン","金",39,0,0,0,"","",,"",,,
309,3,"ユニフォーム宮侑ICONIC","トス","クイックオープン","金",42,0,0,0,"","",,"",,,
310,3,"文化祭宮侑ICONIC","トス","クイックオープン","金",42,0,0,0,"","",,"",,,
311,3,"RPG宮侑ICONIC","トス","クイックオープン","金",42,0,0,0,"","",,"",,,
312,3,"カンフー宮侑ICONIC","トス","クイックオープン","金",42,0,0,0,"","",,"",,,
313,3,"新年2宮侑ICONIC","トス","クイックオープン","金",43,0,0,0,"","",,"",,,
314,3,"サバゲ2宮侑ICONIC","トス","クイックオープン","金",42,0,0,0,"","",,"",,,
315,3,"制服宮侑ICONIC","トス","クイックオープン","金",44,0,0,0,"","",,"",,,
316,3,"3周年宮侑ICONIC","トス","時間差","金",45,0,0,0,"","",,"",,,
317,3,"思い出宮侑ICONIC","トス","クイックオープン","銀",40,0,0,0,"","",,"",,,
320,3,"カンフー宮治ICONIC","トス","ダイレクト","銅",29,0,0,0,"","",,"",,,
323,3,"制服宮治ICONIC","トス","時間差","金",33,0,0,0,"","",,"",,,
325,3,"思い出宮治ICONIC","トス","時間差","金",39,0,0,0,"","",,"",,,
373,3,"ユニフォーム赤葦京治ICONIC","トス","時間差","銅",38,0,0,0,"","",,"",,,
374,3,"夏祭り赤葦京治ICONIC","トス","時間差","銅",38,0,0,0,"","",,"",,,
375,3,"制服赤葦京治ICONIC","トス","時間差","銀",41,0,0,0,"","",,"",,,
376,3,"バーガー赤葦京治ICONIC","トス","時間差","銅",38,0,0,0,"","",,"",,,
377,3,"仮装赤葦京治ICONIC","トス","時間差","銀",41,0,0,0,"","",,"",,,
378,3,"妖赤葦京治ICONIC","トス","時間差","銀",42,0,0,0,"","",,"",,,
379,3,"焼き芋赤葦京治ICONIC","トス","時間差","銀",42,0,0,0,"","",,"",,,
380,3,"Xmas3赤葦京治ICONIC","トス","時間差","銀",42,0,0,0,"","",,"",,,
381,3,"3周年赤葦京治ICONIC","トス","時間差","銅",41,0,0,0,"","",,"",,,
385,3,"ユニフォーム越後栄ICONIC","トス","クイックオープン","金",40,0,0,0,"","",,"",,,
419,3,"ユニフォーム先島伊澄ICONIC","トス","クイックオープン","銅",31,0,0,0,"","",,"",,,
422,3,"ユニフォーム白峰周ICONIC","トス","ブロード","銅",35,0,0,0,"","",,"",,,
11,4,"ユニフォーム影山飛雄ICONIC","トス","ブロード","銅",31,0,0,0,"","",,"",,,
12,4,"制服影山飛雄ICONIC","トス","時間差","銀",31,0,0,0,"","",,"",,,
13,4,"夏祭り影山飛雄ICONIC","トス","時間差","銅",29,0,0,0,"","",,"",,,
14,4,"Xmas影山飛雄ICONIC","トス","時間差","銀",32,0,0,0,"","",,"",,,
15,4,"1周年影山飛雄ICONIC","トス","時間差","銅",29,0,0,0,"","",,"",,,
16,4,"王冠影山飛雄ICONIC","トス","時間差","銀",31,0,0,0,"","",,"",,,
17,4,"ジャージ影山飛雄ICONIC","トス","時間差","金",36,0,0,0,"","",,"",,,
18,4,"2周年影山飛雄ICONIC","トス","時間差","銀",31,0,0,0,"","",,"",,,
19,4,"中学生影山飛雄ICONIC","トス","時間差","銅",29,0,0,0,"","",,"",,,
20,4,"文化祭3影山飛雄ICONIC","トス","時間差","金",37,0,0,0,"","",,"",,,
21,4,"格ゲー影山飛雄ICONIC","トス","時間差","銀",32,0,0,0,"","",,"",,,
60,4,"ユニフォーム菅原考支ICONIC","トス","ブロード","銅",24,0,0,0,"","",,"",,,
61,4,"プール掃除菅原考支ICONIC","トス","ブロード","銀",27,0,0,0,"","",,"",,,
62,4,"文化祭菅原考支ICONIC","トス","ブロード","銅",24,0,0,0,"","",,"",,,
63,4,"梅雨菅原考支ICONIC","トス","時間差","金",35,0,0,0,"","",,"",,,
64,4,"Xmas2菅原考支ICONIC","トス","ブロード","銅",24,0,0,0,"","",,"",,,
65,4,"夏祭り2菅原考支ICONIC","トス","ブロード","銀",27,0,0,0,"","",,"",,,
79,4,"格ゲー清水潔子ICONIC","トス","ブロード","銅",33,0,0,0,"","",,"",,,
81,4,"ユニフォーム孤爪研磨ICONIC","トス","ツーアタック","金",33,0,0,0,"","",,"",,,
82,4,"制服孤爪研磨ICONIC","トス","ツーアタック","金",33,0,0,0,"","",,"",,,
83,4,"夏祭り孤爪研磨ICONIC","トス","ツーアタック","銅",30,0,0,0,"","",,"",,,
84,4,"1周年孤爪研磨ICONIC","トス","ブロード","銀",34,0,0,0,"","",,"",,,
85,4,"スパイ孤爪研磨ICONIC","トス","ツーアタック","金",33,0,0,0,"","",,"",,,
86,4,"Xmas2孤爪研磨ICONIC","トス","ツーアタック","金",34,0,0,0,"","",,"",,,
87,4,"中学生孤爪研磨ICONIC","トス","ツーアタック","金",33,0,0,0,"","",,"",,,
88,4,"ハロウィン孤爪研磨ICONIC","トス","ツーアタック","銅",28,0,0,0,"","",,"",,,
89,4,"寝正月孤爪研磨ICONIC","トス","ツーアタック","金",36,0,0,0,"","",,"",,,
90,4,"思い出孤爪研磨ICONIC","トス","ツーアタック","銅",29,0,0,0,"","",,"",,,
125,4,"ユニフォーム手白球彦ICONIC","トス","ツーアタック","銅",32,0,0,0,"","",,"",,,
140,4,"ユニフォーム黄金川貫至ICONIC","トス","ブロード","銅",32,0,0,0,"","",,"",,,
141,4,"制服黄金川貫至ICONIC","トス","ブロード","銅",32,0,0,0,"","",,"",,,
142,4,"職業体験黄金川貫至ICONIC","トス","ブロード","銅",32,0,0,0,"","",,"",,,
143,4,"スパイ黄金川貫至ICONIC","トス","ブロード","銅",32,0,0,0,"","",,"",,,
144,4,"焼き芋黄金川貫至ICONIC","トス","ブロード","銅",33,0,0,0,"","",,"",,,
145,4,"格ゲー黄金川貫至ICONIC","トス","ブロード","銅",33,0,0,0,"","",,"",,,
152,4,"ユニフォーム茂庭要ICONIC","トス","ブロード","銅",33,0,0,0,"","",,"",,,
153,4,"寝正月茂庭要ICONIC","トス","時間差","金",36,0,0,0,"","",,"",,,
158,4,"ユニフォーム及川徹ICONIC","トス","ブロード","銅",33,0,0,0,"","",,"",,,
159,4,"プール掃除及川徹ICONIC","トス","ブロード","銅",33,0,0,0,"","",,"",,,
160,4,"Xmas及川徹ICONIC","トス","ブロード","銅",33,0,0,0,"","",,"",,,
161,4,"制服及川徹ICONIC","トス","ブロード","銅",33,0,0,0,"","",,"",,,
162,4,"路地裏及川徹ICONIC","トス","ブロード","銀",36,0,0,0,"","",,"",,,
163,4,"バカンス及川徹ICONIC","トス","ブロード","銀",36,0,0,0,"","",,"",,,
164,4,"2周年及川徹ICONIC","トス","ブロード","銅",33,0,0,0,"","",,"",,,
165,4,"夏祭り2及川徹ICONIC","トス","ブロード","金",40,0,0,0,"","",,"",,,
166,4,"和装体験及川徹ICONIC","トス","ブロード","銀",36,0,0,0,"","",,"",,,
167,4,"格ゲー及川徹ICONIC","トス","ブロード","銅",36,0,0,0,"","",,"",,,
200,4,"ユニフォーム矢巾秀ICONIC","トス","ブロード","銀",34,0,0,0,"","",,"",,,
201,4,"キャンプ矢巾秀ICONIC","トス","ブロード","銀",34,0,0,0,"","",,"",,,
206,4,"ユニフォーム芳賀良治ICONIC","トス","ツーアタック","銅",33,0,0,0,"","",,"",,,
218,4,"ユニフォーム夏瀬伊吹ICONIC","トス","ツーアタック","銅",34,0,0,0,"","",,"",,,
219,4,"ユニフォーム秋宮昇ICONIC","トス","ブロード","銅",34,0,0,0,"","",,"",,,
220,4,"ユニフォーム古牧譲ICONIC","トス","ツーアタック","銅",34,0,0,0,"","",,"",,,
221,4,"雪遊び古牧譲ICONIC","トス","ツーアタック","銀",37,0,0,0,"","",,"",,,
237,4,"ユニフォーム二岐丈晴ICONIC","トス","バックアタック","金",43,0,0,0,"","",,"",,,
238,4,"制服二岐丈晴ICONIC","トス","バックアタック","金",43,0,0,0,"","",,"",,,
246,4,"ユニフォーム花山一雅ICONIC","トス","ツーアタック","銅",35,0,0,0,"","",,"",,,
276,4,"ユニフォーム白布賢二郎ICONIC","トス","ツーアタック","銅",34,0,0,0,"","",,"",,,
277,4,"探偵白布賢二郎ICONIC","トス","ブロード","金",36,0,0,0,"","",,"",,,
278,4,"制服白布賢二郎ICONIC","トス","ツーアタック","銅",34,0,0,0,"","",,"",,,
279,4,"バカンス白布賢二郎ICONIC","トス","ブロード","金",36,0,0,0,"","",,"",,,
280,4,"路地裏2白布賢二郎ICONIC","トス","ブロード","金",38,0,0,0,"","",,"",,,
281,4,"文化祭3白布賢二郎ICONIC","トス","ツーアタック","銀",37,0,0,0,"","",,"",,,
282,4,"3周年白布賢二郎ICONIC","トス","ブロード","金",39,0,0,0,"","",,"",,,
288,4,"ユニフォーム瀬見英太ICONIC","トス","バックアタック","金",45,0,0,0,"","",,"",,,
289,4,"雪遊び瀬見英太ICONIC","トス","バックアタック","金",45,0,0,0,"","",,"",,,
290,4,"バカンス瀬見英太ICONIC","トス","バックアタック","銀",42,0,0,0,"","",,"",,,
291,4,"アート2瀬見英太ICONIC","トス","バックアタック","金",45,0,0,0,"","",,"",,,
292,4,"文化祭3瀬見英太ICONIC","トス","ブロード","銀",22,0,0,0,"","",,"",,,
293,4,"3周年瀬見英太ICONIC","トス","バックアタック","銀",42,0,0,0,"","",,"",,,
299,4,"ユニフォーム七沢健吾ICONIC","トス","ツーアタック","銅",29,0,0,0,"","",,"",,,
306,4,"ユニフォーム名栗翔太ICONIC","トス","ツーアタック","銅",32,0,0,0,"","",,"",,,
309,4,"ユニフォーム宮侑ICONIC","トス","ツーアタック","銅",25,0,0,0,"","",,"",,,
310,4,"文化祭宮侑ICONIC","トス","ツーアタック","銅",25,0,0,0,"","",,"",,,
311,4,"RPG宮侑ICONIC","トス","ツーアタック","銅",25,0,0,0,"","",,"",,,
312,4,"カンフー宮侑ICONIC","トス","ツーアタック","銅",25,0,0,0,"","",,"",,,
313,4,"新年2宮侑ICONIC","トス","ツーアタック","金",34,0,0,0,"","",,"",,,
314,4,"サバゲ2宮侑ICONIC","トス","ツーアタック","銅",25,0,0,0,"","",,"",,,
315,4,"制服宮侑ICONIC","トス","ツーアタック","金",35,0,0,0,"","",,"",,,
316,4,"3周年宮侑ICONIC","トス","バックアタック","銀",33,0,0,0,"","",,"",,,
317,4,"思い出宮侑ICONIC","トス","ツーアタック","銀",31,0,0,0,"","",,"",,,
323,4,"制服宮治ICONIC","トス","ダイレクト","銅",30,0,0,0,"","",,"",,,
325,4,"思い出宮治ICONIC","トス","ダイレクト","銅",33,0,0,0,"","",,"",,,
373,4,"ユニフォーム赤葦京治ICONIC","トス","ブロード","金",41,0,0,0,"","",,"",,,
374,4,"夏祭り赤葦京治ICONIC","トス","ブロード","金",41,0,0,0,"","",,"",,,
375,4,"制服赤葦京治ICONIC","トス","ブロード","金",41,0,0,0,"","",,"",,,
376,4,"バーガー赤葦京治ICONIC","トス","ブロード","金",41,0,0,0,"","",,"",,,
377,4,"仮装赤葦京治ICONIC","トス","ブロード","銀",38,0,0,0,"","",,"",,,
378,4,"妖赤葦京治ICONIC","トス","ブロード","銀",39,0,0,0,"","",,"",,,
379,4,"焼き芋赤葦京治ICONIC","トス","ブロード","銀",39,0,0,0,"","",,"",,,
380,4,"Xmas3赤葦京治ICONIC","トス","ブロード","銅",36,0,0,0,"","",,"",,,
381,4,"3周年赤葦京治ICONIC","トス","ブロード","銀",41,0,0,0,"","",,"",,,
385,4,"ユニフォーム越後栄ICONIC","トス","ツーアタック","金",37,0,0,0,"","",,"",,,
419,4,"ユニフォーム先島伊澄ICONIC","トス","ツーアタック","銅",33,0,0,0,"","",,"",,,
422,4,"ユニフォーム白峰周ICONIC","トス","バックアタック","銅",41,0,0,0,"","",,"",,,
11,5,"ユニフォーム影山飛雄ICONIC","トス","ツーアタック","銅",31,0,0,0,"","",,"",,,
12,5,"制服影山飛雄ICONIC","トス","ブロード","銅",31,0,0,0,"","",,"",,,
13,5,"夏祭り影山飛雄ICONIC","トス","ブロード","銅",31,0,0,0,"","",,"",,,
14,5,"Xmas影山飛雄ICONIC","トス","ブロード","銀",34,0,0,0,"","",,"",,,
15,5,"1周年影山飛雄ICONIC","トス","ブロード","銅",31,0,0,0,"","",,"",,,
16,5,"王冠影山飛雄ICONIC","トス","ブロード","銅",31,0,0,0,"","",,"",,,
17,5,"ジャージ影山飛雄ICONIC","トス","ブロード","銅",31,0,0,0,"","",,"",,,
18,5,"2周年影山飛雄ICONIC","トス","ブロード","銀",33,0,0,0,"","",,"",,,
19,5,"中学生影山飛雄ICONIC","トス","ブロード","銅",31,0,0,0,"","",,"",,,
20,5,"文化祭3影山飛雄ICONIC","トス","ブロード","銅",32,0,0,0,"","",,"",,,
21,5,"格ゲー影山飛雄ICONIC","トス","ブロード","銀",34,0,0,0,"","",,"",,,
60,5,"ユニフォーム菅原考支ICONIC","トス","ツーアタック","銅",24,0,0,0,"","",,"",,,
61,5,"プール掃除菅原考支ICONIC","トス","ツーアタック","銅",24,0,0,0,"","",,"",,,
62,5,"文化祭菅原考支ICONIC","トス","ツーアタック","銅",24,0,0,0,"","",,"",,,
63,5,"梅雨菅原考支ICONIC","トス","ブロード","銅",24,0,0,0,"","",,"",,,
64,5,"Xmas2菅原考支ICONIC","トス","ツーアタック","銅",24,0,0,0,"","",,"",,,
65,5,"夏祭り2菅原考支ICONIC","トス","ツーアタック","銀",27,0,0,0,"","",,"",,,
79,5,"格ゲー清水潔子ICONIC","トス","バックアタック","銅",36,0,0,0,"","",,"",,,
81,5,"ユニフォーム孤爪研磨ICONIC","トス","ダイレクト","銅",24,0,0,0,"","",,"",,,
82,5,"制服孤爪研磨ICONIC","トス","ダイレクト","銅",24,0,0,0,"","",,"",,,
83,5,"夏祭り孤爪研磨ICONIC","トス","ダイレクト","銅",24,0,0,0,"","",,"",,,
84,5,"1周年孤爪研磨ICONIC","トス","ツーアタック","金",33,0,0,0,"","",,"",,,
85,5,"スパイ孤爪研磨ICONIC","トス","ダイレクト","銅",24,0,0,0,"","",,"",,,
86,5,"Xmas2孤爪研磨ICONIC","トス","ダイレクト","銅",24,0,0,0,"","",,"",,,
87,5,"中学生孤爪研磨ICONIC","トス","ダイレクト","銅",24,0,0,0,"","",,"",,,
88,5,"ハロウィン孤爪研磨ICONIC","トス","ダイレクト","銅",25,0,0,0,"","",,"",,,
89,5,"寝正月孤爪研磨ICONIC","トス","ダイレクト","銅",26,0,0,0,"","",,"",,,
90,5,"思い出孤爪研磨ICONIC","トス","ダイレクト","銅",26,0,0,0,"","",,"",,,
125,5,"ユニフォーム手白球彦ICONIC","トス","ダイレクト","銅",26,0,0,0,"","",,"",,,
140,5,"ユニフォーム黄金川貫至ICONIC","トス","バックアタック","金",36,0,0,0,"","",,"",,,
141,5,"制服黄金川貫至ICONIC","トス","バックアタック","金",36,0,0,0,"","",,"",,,
142,5,"職業体験黄金川貫至ICONIC","トス","バックアタック","金",36,0,0,0,"","",,"",,,
143,5,"スパイ黄金川貫至ICONIC","トス","バックアタック","金",36,0,0,0,"","",,"",,,
144,5,"焼き芋黄金川貫至ICONIC","トス","バックアタック","金",37,0,0,0,"","",,"",,,
145,5,"格ゲー黄金川貫至ICONIC","トス","バックアタック","金",37,0,0,0,"","",,"",,,
152,5,"ユニフォーム茂庭要ICONIC","トス","ツーアタック","銅",33,0,0,0,"","",,"",,,
153,5,"寝正月茂庭要ICONIC","トス","ブロード","銅",33,0,0,0,"","",,"",,,
158,5,"ユニフォーム及川徹ICONIC","トス","ツーアタック","銅",33,0,0,0,"","",,"",,,
159,5,"プール掃除及川徹ICONIC","トス","ツーアタック","金",39,0,0,0,"","",,"",,,
160,5,"Xmas及川徹ICONIC","トス","ツーアタック","銀",36,0,0,0,"","",,"",,,
161,5,"制服及川徹ICONIC","トス","ツーアタック","銅",33,0,0,0,"","",,"",,,
162,5,"路地裏及川徹ICONIC","トス","ツーアタック","銀",36,0,0,0,"","",,"",,,
163,5,"バカンス及川徹ICONIC","トス","ツーアタック","金",39,0,0,0,"","",,"",,,
164,5,"2周年及川徹ICONIC","トス","ツーアタック","銅",33,0,0,0,"","",,"",,,
165,5,"夏祭り2及川徹ICONIC","トス","ツーアタック","銀",36,0,0,0,"","",,"",,,
166,5,"和装体験及川徹ICONIC","トス","ツーアタック","銀",36,0,0,0,"","",,"",,,
167,5,"格ゲー及川徹ICONIC","トス","ツーアタック","金",41,0,0,0,"","",,"",,,
200,5,"ユニフォーム矢巾秀ICONIC","トス","ツーアタック","銅",33,0,0,0,"","",,"",,,
201,5,"キャンプ矢巾秀ICONIC","トス","ツーアタック","銅",33,0,0,0,"","",,"",,,
219,5,"ユニフォーム秋宮昇ICONIC","トス","ツーアタック","銅",34,0,0,0,"","",,"",,,
237,5,"ユニフォーム二岐丈晴ICONIC","トス","ツーアタック","銅",34,0,0,0,"","",,"",,,
238,5,"制服二岐丈晴ICONIC","トス","ツーアタック","銀",37,0,0,0,"","",,"",,,
277,5,"探偵白布賢二郎ICONIC","トス","ツーアタック","銀",37,0,0,0,"","",,"",,,
279,5,"バカンス白布賢二郎ICONIC","トス","ツーアタック","金",40,0,0,0,"","",,"",,,
280,5,"路地裏2白布賢二郎ICONIC","トス","ツーアタック","金",40,0,0,0,"","",,"",,,
282,5,"3周年白布賢二郎ICONIC","トス","ツーアタック","金",41,0,0,0,"","",,"",,,
288,5,"ユニフォーム瀬見英太ICONIC","トス","ツーアタック","銅",35,0,0,0,"","",,"",,,
289,5,"雪遊び瀬見英太ICONIC","トス","ツーアタック","銀",38,0,0,0,"","",,"",,,
290,5,"バカンス瀬見英太ICONIC","トス","ツーアタック","銀",38,0,0,0,"","",,"",,,
291,5,"アート2瀬見英太ICONIC","トス","ツーアタック","銀",38,0,0,0,"","",,"",,,
292,5,"文化祭3瀬見英太ICONIC","トス","バックアタック","銀",42,0,0,0,"","",,"",,,
293,5,"3周年瀬見英太ICONIC","トス","ツーアタック","銀",38,0,0,0,"","",,"",,,
299,5,"ユニフォーム七沢健吾ICONIC","トス","ダイレクト","銅",29,0,0,0,"","",,"",,,
316,5,"3周年宮侑ICONIC","トス","ツーアタック","金",36,0,0,0,"","",,"",,,
373,5,"ユニフォーム赤葦京治ICONIC","トス","ツーアタック","銅",30,0,0,0,"","",,"",,,
374,5,"夏祭り赤葦京治ICONIC","トス","ツーアタック","銀",33,0,0,0,"","",,"",,,
375,5,"制服赤葦京治ICONIC","トス","ツーアタック","銀",33,0,0,0,"","",,"",,,
376,5,"バーガー赤葦京治ICONIC","トス","ツーアタック","銅",30,0,0,0,"","",,"",,,
377,5,"仮装赤葦京治ICONIC","トス","ツーアタック","銀",33,0,0,0,"","",,"",,,
378,5,"妖赤葦京治ICONIC","トス","ツーアタック","銅",31,0,0,0,"","",,"",,,
379,5,"焼き芋赤葦京治ICONIC","トス","ツーアタック","金",37,0,0,0,"","",,"",,,
380,5,"Xmas3赤葦京治ICONIC","トス","ツーアタック","銅",31,0,0,0,"","",,"",,,
381,5,"3周年赤葦京治ICONIC","トス","ツーアタック","金",39,0,0,0,"","",,"",,,
422,5,"ユニフォーム白峰周ICONIC","トス","ツーアタック","銅",38,0,0,0,"","",,"",,,
12,6,"制服影山飛雄ICONIC","トス","ツーアタック","銀",33,0,0,0,"","",,"",,,
13,6,"夏祭り影山飛雄ICONIC","トス","ツーアタック","銅",31,0,0,0,"","",,"",,,
14,6,"Xmas影山飛雄ICONIC","トス","ツーアタック","金",37,0,0,0,"","",,"",,,
15,6,"1周年影山飛雄ICONIC","トス","ツーアタック","銅",31,0,0,0,"","",,"",,,
16,6,"王冠影山飛雄ICONIC","トス","ツーアタック","銀",33,0,0,0,"","",,"",,,
17,6,"ジャージ影山飛雄ICONIC","トス","ツーアタック","銀",34,0,0,0,"","",,"",,,
18,6,"2周年影山飛雄ICONIC","トス","ツーアタック","銀",33,0,0,0,"","",,"",,,
19,6,"中学生影山飛雄ICONIC","トス","ツーアタック","銅",31,0,0,0,"","",,"",,,
20,6,"文化祭3影山飛雄ICONIC","トス","ツーアタック","金",38,0,0,0,"","",,"",,,
21,6,"格ゲー影山飛雄ICONIC","トス","ツーアタック","銀",34,0,0,0,"","",,"",,,
63,6,"梅雨菅原考支ICONIC","トス","ツーアタック","銅",24,0,0,0,"","",,"",,,
79,6,"格ゲー清水潔子ICONIC","トス","ツーアタック","銅",33,0,0,0,"","",,"",,,
79,7,"格ゲー清水潔子ICONIC","トス","ダイレクト","銅",26,0,0,0,"","",,"",,,
140,6,"ユニフォーム黄金川貫至ICONIC","トス","ツーアタック","銅",32,0,0,0,"","",,"",,,
140,7,"ユニフォーム黄金川貫至ICONIC","トス","ダイレクト","銅",27,0,0,0,"","",,"",,,
141,6,"制服黄金川貫至ICONIC","トス","ツーアタック","銅",32,0,0,0,"","",,"",,,
141,7,"制服黄金川貫至ICONIC","トス","ダイレクト","銅",27,0,0,0,"","",,"",,,
142,6,"職業体験黄金川貫至ICONIC","トス","ツーアタック","銅",32,0,0,0,"","",,"",,,
142,7,"職業体験黄金川貫至ICONIC","トス","ダイレクト","銅",27,0,0,0,"","",,"",,,
143,6,"スパイ黄金川貫至ICONIC","トス","ツーアタック","銅",32,0,0,0,"","",,"",,,
143,7,"スパイ黄金川貫至ICONIC","トス","ダイレクト","銅",27,0,0,0,"","",,"",,,
144,6,"焼き芋黄金川貫至ICONIC","トス","ツーアタック","金",39,0,0,0,"","",,"",,,
144,7,"焼き芋黄金川貫至ICONIC","トス","ダイレクト","銅",28,0,0,0,"","",,"",,,
145,6,"格ゲー黄金川貫至ICONIC","トス","ツーアタック","銅",33,0,0,0,"","",,"",,,
145,7,"格ゲー黄金川貫至ICONIC","トス","ダイレクト","銅",28,0,0,0,"","",,"",,,
152,6,"ユニフォーム茂庭要ICONIC","トス","ダイレクト","銅",26,0,0,0,"","",,"",,,
153,6,"寝正月茂庭要ICONIC","トス","ツーアタック","銅",33,0,0,0,"","",,"",,,
153,7,"寝正月茂庭要ICONIC","トス","ダイレクト","銅",26,0,0,0,"","",,"",,,
158,6,"ユニフォーム及川徹ICONIC","トス","ダイレクト","金",42,0,0,0,"","",,"",,,
159,6,"プール掃除及川徹ICONIC","トス","ダイレクト","金",42,0,0,0,"","",,"",,,
160,6,"Xmas及川徹ICONIC","トス","ダイレクト","金",42,0,0,0,"","",,"",,,
161,6,"制服及川徹ICONIC","トス","ダイレクト","金",42,0,0,0,"","",,"",,,
162,6,"路地裏及川徹ICONIC","トス","ダイレクト","金",42,0,0,0,"","",,"",,,
163,6,"バカンス及川徹ICONIC","トス","ダイレクト","金",42,0,0,0,"","",,"",,,
164,6,"2周年及川徹ICONIC","トス","ダイレクト","銅",36,0,0,0,"","",,"",,,
165,6,"夏祭り2及川徹ICONIC","トス","ダイレクト","銀",39,0,0,0,"","",,"",,,
166,6,"和装体験及川徹ICONIC","トス","ダイレクト","銅",36,0,0,0,"","",,"",,,
167,6,"格ゲー及川徹ICONIC","トス","ダイレクト","銀",41,0,0,0,"","",,"",,,
219,6,"ユニフォーム秋宮昇ICONIC","トス","ダイレクト","銅",26,0,0,0,"","",,"",,,
237,6,"ユニフォーム二岐丈晴ICONIC","トス","ダイレクト","銅",34,0,0,0,"","",,"",,,
292,6,"文化祭3瀬見英太ICONIC","トス","ツーアタック","銀",38,0,0,0,"","",,"",,,
60,6,"ユニフォーム菅原考支ICONIC","トス","なし","桃",37,0,47,0,"","",,"",,,
61,6,"プール掃除菅原考支ICONIC","トス","なし","桃",37,0,47,0,"","",,"",,,
62,6,"文化祭菅原考支ICONIC","トス","なし","桃",37,0,47,0,"","",,"",,,
63,7,"梅雨菅原考支ICONIC","トス","なし","桃",37,0,47,0,"","",,"",,,
63,8,"梅雨菅原考支ICONIC","トス","シンクロ","桃",38,0,48,0,"","",,"",,,
64,6,"Xmas2菅原考支ICONIC","トス","時間差","桃",38,0,48,0,"","",,"",,,
65,6,"夏祭り2菅原考支ICONIC","トス","なし","桃",37,0,47,0,"","",,"",,,
65,8,"夏祭り2菅原考支ICONIC","トス","なし","桃",37,0,47,0,"","",,"",,,
141,8,"制服黄金川貫至ICONIC","トス","なし","桃",42,0,52,0,"","",,"",,,
142,8,"職業体験黄金川貫至ICONIC","トス","ツーアタック","桃",45,0,55,0,"","",,"",,,
142,9,"職業体験黄金川貫至ICONIC","トス","なし","桃",42,0,52,0,"","",,"",,,
143,8,"スパイ黄金川貫至ICONIC","トス","なし","桃",45,0,55,0,"","",,"",,,
144,8,"焼き芋黄金川貫至ICONIC","トス","速攻","桃",46,0,56,0,"","",,"",,,
144,9,"焼き芋黄金川貫至ICONIC","トス","なし","桃",46,0,56,0,"","",,"",,,
144,10,"焼き芋黄金川貫至ICONIC","トス","ツーアタック","桃",46,0,56,0,"","",,"",,,
190,2,"ユニフォーム渡親治ICONIC","トス","なし","桃",50,0,60,0,"","",,"",,,
197,4,"バーガー花巻貴大ICONIC","トス","なし","桃",46,0,56,0,"","",,"",,,
201,6,"キャンプ矢巾秀ICONIC","トス","なし","桃",49,0,59,0,"","",,"",,,
206,5,"ユニフォーム芳賀良治ICONIC","トス","なし","桃",44,0,54,0,"","",,"",,,
218,5,"ユニフォーム夏瀬伊吹ICONIC","トス","なし","桃",44,0,54,0,"","",,"",,,
220,5,"ユニフォーム古牧譲ICONIC","トス","なし","桃",49,0,59,0,"","",,"",,,
221,5,"雪遊び古牧譲ICONIC","トス","なし","桃",49,0,59,0,"","",,"",,,
237,7,"ユニフォーム二岐丈晴ICONIC","トス","シンクロ","桃",47,0,57,0,"","",,"",,,
238,6,"制服二岐丈晴ICONIC","トス","バックアタック","桃",47,0,57,0,"","",,"",,,
238,7,"制服二岐丈晴ICONIC","トス","ツーアタック","桃",47,0,57,0,"","",,"",,,
246,5,"ユニフォーム花山一雅ICONIC","トス","なし","桃",49,0,59,0,"","",,"",,,
299,6,"ユニフォーム七沢健吾ICONIC","トス","なし","桃",46,0,56,0,"","",,"",,,
306,5,"ユニフォーム名栗翔太ICONIC","トス","シンクロ","桃",46,0,56,0,"","",,"",,,
307,3,"ユニフォーム島府典明ICONIC","トス","なし","桃",44,0,54,0,"","",,"",,,
363,3,"梅雨木葉秋紀ICONIC","トス","なし","桃",49,0,59,0,"","",,"",,,
385,5,"ユニフォーム越後栄ICONIC","トス","なし","桃",48,0,58,0,"","",,"",,,
408,3,"新年大将優ICONIC","トス","ダイレクト","桃",44,0,54,0,"","",,"",,,
409,3,"カンフー大将優ICONIC","トス","ダイレクト","桃",49,0,59,0,"","",,"",,,
419,5,"ユニフォーム先島伊澄ICONIC","トス","なし","桃",46,0,56,0,"","",,"",,,
422,6,"ユニフォーム白峰周ICONIC","トス","なし","桃",49,0,59,0,"","",,"",,,
65,7,"夏祭り2菅原考支ICONIC","トス","時間差","桃",37,0,47,0,"夏祭り2東峰旭","回復(本人)",10,"",19.8,15,29.7
143,9,"スパイ黄金川貫至ICONIC","トス","なし","桃",45,0,55,0,"ユニフォーム青根高伸、甲冑青根高伸","",,"",,,
200,6,"ユニフォーム矢巾秀ICONIC","トス","なし","桃",49,0,59,0,"SICユニフォーム、ユニフォーム京谷賢太郎","",,"",,,
385,6,"ユニフォーム越後栄ICONIC","トス","速攻","桃",48,0,58,0,"ユニフォーム寺泊基希","",,"",,,
14,7,"Xmas影山飛雄ICONIC","トス","ツーアタック","桃",54,5,61,7,"","低レシーブの相手を狙う",,"弱点を見抜くツーアタック",,,
19,7,"中学生影山飛雄ICONIC","トス","ツーアタック","桃",51,5,61,7,"","低レシーブの相手を狙う",,"弱点を見抜くツーアタック",,,
20,9,"文化祭3影山飛雄ICONIC","トス","ツーアタック","桃",52,5,62,7,"","低レシーブの相手を狙う",,"弱点を見抜くツーアタック",,,
88,6,"ハロウィン孤爪研磨ICONIC","トス","バックアタック","桃",44,0,54,0,"ハロウィン黒尾鉄朗","黒尾後衛時",,"奇襲としては悪くはないんじゃない",,,
90,6,"思い出孤爪研磨ICONIC","トス","なし","桃",44,0,54,0,"","前衛高スパイク選手",,"極小の動きからのセットアップ",,,
153,9,"寝正月茂庭要ICONIC","トス","なし","桃",46,0,56,0,"","前衛高スパイク選手",,"茂庭のフォーカストス",,,
167,7,"格ゲー及川徹ICONIC","トス","なし","桃",54,0,64,0,"","前衛高スパイク選手",,"及川のフォーカストス",,,
265,3,"制服天童覚ICONIC","トス","バックアタック","桃",48,0,58,0,"制服、妖、Xmas3牛島若利","本人が前衛、牛島が後衛時",,"ノッてきた",,,
268,3,"Xmas3天童覚ICONIC","トス","バックアタック","桃",48,0,58,0,"制服、妖、Xmas3牛島若利","本人が前衛、牛島が後衛時",,"ノッてきた",,,
277,6,"探偵白布賢二郎ICONIC","トス","なし","桃",49,0,59,0,"","コート内高スパイク選手にトスを上げる",,"うちのスパイカーに道を空けろ",,,
279,6,"バカンス白布賢二郎ICONIC","トス","なし","桃",49,0,59,0,"","コート内高スパイク選手にトスを上げる",,"うちのスパイカーに道を空けろ",,,
280,6,"路地裏2白布賢二郎ICONIC","トス","なし","桃",50,0,60,0,"","コート内高スパイク選手にトスを上げる",,"うちのスパイカーに道を空けろ",,,
280,9,"路地裏2白布賢二郎ICONIC","トス","なし","桃",50,0,60,0,"ユニフォーム川西太一はコート内、五色工、牛島若利が前衛","1ターン相手前衛(3)守備低下",3.35,"優秀なエースは存在自体が優秀な""囮”!",20.01,5,30.48
281,5,"文化祭3白布賢二郎ICONIC","トス","なし","桃",50,0,60,0,"","コート内高スパイク選手にトスを上げる",,"うちのスパイカーに道を空けろ",,,
282,6,"3周年白布賢二郎ICONIC","トス","なし","桃",51,0,61,0,"","コート内高スパイク選手にトスを上げる",,"うちのスパイカーに道を空けろ",,,
292,7,"文化祭3瀬見英太ICONIC","トス","時間差","桃",50,0,60,0,"","1ターン相手の攻撃/守備低下",3.35,"変幻自在の組み立て",20.01,5,30.48
313,5,"新年2宮侑ICONIC","トス","なし","桃",52,0,62,0,"","前衛高スパイク選手",,"献身的なトス",,,
315,5,"制服宮侑ICONIC","トス","なし","桃",56,0,66,0,"","前衛高スパイク選手",,"献身的なトス",,,
379,6,"焼き芋赤葦京治ICONIC","トス","なし","桃",51,0,61,0,"","前衛高スパイク選手",,"赤葦のフォーカストス",,,
381,8,"3周年赤葦京治ICONIC","トス","なし","桃",52,0,62,0,"","前衛高スパイク選手",,"赤葦のフォーカストス",,,
4,3,"1周年日向翔陽ICONIC","トス","なし","桃",44,5,54,7,"","",,"良さげな2段トス…!",,,
11,6,"ユニフォーム影山飛雄ICONIC","トス","速攻","桃",54,5,61,7,"ユニフォーム、制服、夏祭り日向翔陽","",,"変人速攻",,,
11,7,"ユニフォーム影山飛雄ICONIC","トス","シンクロ","桃",51,5,56,7,"","",,"影山ver",,,
12,7,"制服影山飛雄ICONIC","トス","速攻","桃",54,5,61,7,"ユニフォーム、制服、夏祭り日向翔陽","",,"変人速攻",,,
12,8,"制服影山飛雄ICONIC","トス","なし","桃",51,5,56,7,"","",,"止まるトス",,,
13,7,"夏祭り影山飛雄ICONIC","トス","速攻","桃",51,5,56,7,"ユニフォーム、制服、夏祭り日向翔陽","",,"変人速攻",,,
14,8,"Xmas影山飛雄ICONIC","トス","速攻","桃",54,5,61,7,"","",,"精密を極めるトスワーク",,,
15,7,"1周年影山飛雄ICONIC","トス","なし","桃",54,5,61,7,"1周年月島蛍、2周年月島蛍","",,"ここまで来い",,,
15,8,"1周年影山飛雄ICONIC","トス","バックアタック","桃",54,5,61,7,"1周年日向翔陽","",,"マイナス・テンポのバックアタック",,,
16,7,"王冠影山飛雄ICONIC","トス","なし","桃",54,5,61,7,"SICユニフォーム、SIC王冠、王冠、格ゲー日向翔陽","",,"殴り合いを制せ",,,
17,7,"ジャージ影山飛雄ICONIC","トス","なし","桃",51,5,61,7,"","",,"止まるトス",,,
17,8,"ジャージ影山飛雄ICONIC","トス","速攻","桃",51,5,61,7,"","",,"精密を極めるトスワーク",,,
17,9,"ジャージ影山飛雄ICONIC","トス","なし","桃",54,5,64,7,"ジャージ日向翔陽","",,"コートを支配",,,
18,7,"2周年影山飛雄ICONIC","トス","なし","桃",51,0,61,0,"1周年月島蛍、2周年月島蛍","",,"ここまで来い",,,
18,8,"2周年影山飛雄ICONIC","トス","なし","桃",51,0,61,0,"SICユニフォーム、SIC王冠、王冠、格ゲー日向翔陽","",,"殴り合いを制せ",,,
19,8,"中学生影山飛雄ICONIC","トス","速攻","桃",51,5,61,7,"","",,"精密を極めるトスワーク",,,
20,7,"文化祭3影山飛雄ICONIC","トス","なし","桃",55,5,65,7,"","",,"止まるトス",,,
20,8,"文化祭3影山飛雄ICONIC","トス","速攻","桃",55,5,65,7,"","",,"精密を極めるトスワーク",,,
21,7,"格ゲー影山飛雄ICONIC","トス","なし","桃",52,5,62,7,"","",,"止まるトス",,,
21,8,"格ゲー影山飛雄ICONIC","トス","なし","桃",52,5,62,7,"SICユニフォーム、SIC王冠、王冠、格ゲー日向翔陽","",,"殴り合いを制せ",,,
27,3,"ジャージ月島蛍ICONIC","トス","なし","桃",39,5,49,7,"ユニフォーム東峰旭","",,"最大限の""丁寧""",,,
79,8,"格ゲー清水潔子ICONIC","トス","なし","桃",46,0,56,0,"","",,"清水のトス",,,
81,6,"ユニフォーム孤爪研磨ICONIC","トス","なし","桃",42,0,52,0,"","",,"強いのはおれじゃなくて皆だから",,,
81,7,"ユニフォーム孤爪研磨ICONIC","トス","なし","桃",42,0,52,0,"夏祭り黒尾鉄朗、1周年黒尾鉄朗","",,"シンプルに""早い真ん中""",,,
81,8,"ユニフォーム孤爪研磨ICONIC","トス","なし","桃",42,0,52,0,"ユニフォーム、文化祭2、サバゲ2灰羽リエーフ","",,"翔陽に似てる…かも",,,
82,6,"制服孤爪研磨ICONIC","トス","なし","桃",42,0,52,0,"","",,"強いのはおれじゃなくて皆だから",,,
83,6,"夏祭り孤爪研磨ICONIC","トス","ツーアタック","桃",42,0,52,0,"","",,"相手を翻弄させるツーアタック",,,
83,7,"夏祭り孤爪研磨ICONIC","トス","なし","桃",42,0,52,0,"夏祭り、1周年、文化祭2、中学生黒尾鉄朗","",,"シンプルに""早い真ん中""",,,
84,6,"1周年孤爪研磨ICONIC","トス","なし","桃",42,0,52,0,"夏祭り、1周年、文化祭2、中学生黒尾鉄朗","",,"シンプルに""早い真ん中""",,,
84,7,"1周年孤爪研磨ICONIC","トス","なし","桃",42,0,52,0,"","",,"極小の動きからのセットアップ",,,
85,6,"スパイ孤爪研磨ICONIC","トス","なし","桃",42,0,52,0,"","",,"極小の動きからのセットアップ",,,
86,6,"Xmas2孤爪研磨ICONIC","トス","ツーアタック","桃",43,0,53,0,"","",,"相手を翻弄させるツーアタック",,,
86,7,"Xmas2孤爪研磨ICONIC","トス","なし","桃",42,0,52,0,"ユニフォーム、文化祭2、サバゲ2灰羽リエーフ","",,"翔陽に似てる…かも",,,
86,8,"Xmas2孤爪研磨ICONIC","トス","シンクロ","桃",43,0,53,0,"","",,"1stテンポの同時多発位置差攻撃",,,
87,6,"中学生孤爪研磨ICONIC","トス","なし","桃",42,0,52,0,"","",,"極小の動きからのセットアップ",,,
87,7,"中学生孤爪研磨ICONIC","トス","なし","桃",42,0,52,0,"夏祭り、1周年、文化祭2、中学生黒尾鉄朗","",,"シンプルに""早い真ん中""",,,
89,6,"寝正月孤爪研磨ICONIC","トス","ツーアタック","桃",45,0,55,0,"","",,"相手を翻弄させるツーアタック",,,
89,7,"寝正月孤爪研磨ICONIC","トス","なし","桃",45,0,55,0,"","",,"極小の動きからのセットアップ",,,
89,8,"寝正月孤爪研磨ICONIC","トス","なし","桃",45,0,55,0,"夏祭り、1周年、文化祭2、中学生黒尾鉄朗","",,"シンプルに""早い真ん中""",,,
145,8,"格ゲー黄金川貫至ICONIC","トス","速攻","桃",47,0,57,0,"","",,"黄金川の速攻",,,
152,7,"ユニフォーム茂庭要ICONIC","トス","なし","桃",46,0,56,0,"","",,"優しいトス",,,
153,8,"寝正月茂庭要ICONIC","トス","なし","桃",46,0,56,0,"","",,"優しいトス",,,
159,7,"プール掃除及川徹ICONIC","トス","ツーアタック","桃",51,0,61,0,"","",,"堂々としたツーアタック",,,
159,8,"プール掃除及川徹ICONIC","トス","なし","桃",51,0,61,0,"プール掃除、バカンス、夏祭り2、Xmas3岩泉一","",,"才能は開花させるもの センスは磨くもの!!",,,
160,7,"Xmas及川徹ICONIC","トス","なし","桃",51,0,61,0,"","",,"お手本を見せようか",,,
160,8,"Xmas及川徹ICONIC","トス","ツーアタック","桃",51,0,61,0,"","",,"堂々としたツーアタック",,,
162,7,"路地裏及川徹ICONIC","トス","なし","桃",52,0,62,0,"","",,"お手本を見せようか",,,
163,7,"バカンス及川徹ICONIC","トス","なし","桃",51,0,61,0,"","",,"お手本を見せようか",,,
163,8,"バカンス及川徹ICONIC","トス","ツーアタック","桃",51,0,61,0,"","",,"堂々としたツーアタック",,,
163,9,"バカンス及川徹ICONIC","トス","なし","桃",51,0,61,0,"プール掃除、バカンス、夏祭り2、Xmas3岩泉一","",,"才能は開花させるもの センスは磨くもの!!",,,
165,7,"夏祭り2及川徹ICONIC","トス","なし","桃",53,0,63,0,"","",,"お手本を見せようか",,,
165,8,"夏祭り2及川徹ICONIC","トス","なし","桃",53,0,63,0,"プール掃除、バカンス、夏祭り2、Xmas3岩泉一","",,"才能は開花させるもの センスは磨くもの!!",,,
166,7,"和装体験及川徹ICONIC","トス","なし","桃",52,0,62,0,"","",,"お手本を見せようか",,,
167,8,"格ゲー及川徹ICONIC","トス","速攻","桃",54,0,64,0,"","",,"及川の速攻",,,
167,9,"格ゲー及川徹ICONIC","トス","ツーアタック","桃",55,0,65,0,"","",,"堂々としたツーアタック",,,
187,3,"中学生国見英ICONIC","トス","なし","桃",44,0,54,0,"","",,"最小限の動きでトス",,,
276,5,"ユニフォーム白布賢二郎ICONIC","トス","なし","桃",49,0,59,0,"","",,"うるせえっ、こっちの方が強い!!!",,,
278,5,"制服白布賢二郎ICONIC","トス","なし","桃",49,0,59,0,"","",,"うるせえっ、こっちの方が強い!!!",,,
278,6,"制服白布賢二郎ICONIC","トス","なし","桃",49,0,59,0,"制服、3周年牛島若利","",,"迷う 余地 無し",,,
279,7,"バカンス白布賢二郎ICONIC","トス","ツーアタック","桃",49,0,59,0,"","",,"エースの体力を温存させるツーアタック",,,
280,7,"路地裏2白布賢二郎ICONIC","トス","ツーアタック","桃",50,0,60,0,"","",,"エースの体力を温存させるツーアタック",,,
280,8,"路地裏2白布賢二郎ICONIC","トス","なし","桃",50,0,60,0,"制服、3周年牛島若利","",,"迷う 余地 無し",,,
282,7,"3周年白布賢二郎ICONIC","トス","なし","桃",51,0,61,0,"制服、3周年牛島若利","",,"迷う 余地 無し",,,
282,8,"3周年白布賢二郎ICONIC","トス","ツーアタック","桃",51,0,61,0,"","",,"エースの体力を温存させるツーアタック",,,
282,9,"3周年白布賢二郎ICONIC","トス","なし","桃",51,0,61,0,"3周年牛島若利","",,"俺にとって一番カッコイイバレーはこれだ",,,
289,6,"雪遊び瀬見英太ICONIC","トス","なし","桃",49,0,59,0,"","",,"入って来いっ",,,
291,6,"アート2瀬見英太ICONIC","トス","なし","桃",49,0,59,0,"","",,"入って来いっ",,,
291,7,"アート2瀬見英太ICONIC","トス","速攻","桃",49,0,59,0,"","",,"セッターの役割",,,
309,5,"ユニフォーム宮侑ICONIC","トス","なし","桃",50,0,60,0,"","",,"さあ どうぞ",,,
309,6,"ユニフォーム宮侑ICONIC","トス","速攻","桃",57,0,64,0,"ユニフォーム、遊園地、3周年宮治","",,"双子速攻",,,
310,5,"文化祭宮侑ICONIC","トス","速攻","桃",50,0,60,0,"ユニフォーム、遊園地、3周年宮治","",,"双子速攻",,,
313,6,"新年2宮侑ICONIC","トス","速攻","桃",52,0,62,0,"ユニフォーム、遊園地、3周年宮治","",,"双子速攻",,,
313,7,"新年2宮侑ICONIC","トス","ツーアタック","桃",55,0,65,0,"","",,"流麗にツーアタック",,,
315,6,"制服宮侑ICONIC","トス","ツーアタック","桃",56,0,66,0,"","",,"流麗にツーアタック",,,
316,6,"3周年宮侑ICONIC","トス","なし","桃",57,0,67,0,"","",,"献身的なトス",,,
316,7,"3周年宮侑ICONIC","トス","速攻","桃",57,0,67,0,"ユニフォーム、遊園地、3周年宮治","",,"双子速攻",,,
316,8,"3周年宮侑ICONIC","トス","ツーアタック","桃",57,0,67,0,"","",,"流麗にツーアタック",,,
316,9,"3周年宮侑ICONIC","トス","バックアタック","桃",57,0,67,0,"3周年宮治","",,"双子速攻 マイナス・テンポ ""背""",,,
317,5,"思い出宮侑ICONIC","トス","ツーアタック","桃",57,0,67,0,"","",,"流麗にツーアタック",,,
319,3,"RPG宮治ICONIC","トス","なし","桃",52,0,62,0,"","",,"スムーズなセットアップ",,,
320,4,"カンフー宮治ICONIC","トス","なし","桃",50,0,60,0,"","",,"スムーズなセットアップ",,,
320,5,"カンフー宮治ICONIC","トス","時間差","桃",50,0,60,0,"カンフー、思い出宮侑","",,"幽体離脱時間差",,,
323,5,"制服宮治ICONIC","トス","速攻","桃",52,0,62,0,"制服宮侑","",,"双子速攻 マイナス・テンポ ""裏""",,,
325,5,"思い出宮治ICONIC","トス","なし","桃",54,0,64,0,"","",,"スムーズなセットアップ",,,
325,6,"思い出宮治ICONIC","トス","時間差","桃",54,0,64,0,"カンフー、思い出宮侑","",,"幽体離脱時間差",,,
373,6,"ユニフォーム赤葦京治ICONIC","トス","速攻","桃",50,0,60,0,"","",,"道は作りますので",,,
374,6,"夏祭り赤葦京治ICONIC","トス","なし","桃",50,0,60,0,"ユニフォーム、夏祭り、制服、3周年木兎光太郎","",,"エースの心得",,,
374,7,"夏祭り赤葦京治ICONIC","トス","なし","桃",50,0,60,0,"","",,"これほど迷いの要らない一発目も久々だな",,,
375,6,"制服赤葦京治ICONIC","トス","なし","桃",50,0,60,0,"ユニフォーム、夏祭り、制服、3周年木兎光太郎","",,"エースの心得",,,
375,7,"制服赤葦京治ICONIC","トス","速攻","桃",50,0,60,0,"","",,"道は作りますので",,,
375,8,"制服赤葦京治ICONIC","トス","ツーアタック","桃",50,0,60,0,"","",,"冷静に状況を把握",,,
376,6,"バーガー赤葦京治ICONIC","トス","なし","桃",50,0,60,0,"","",,"これほど迷いの要らない一発目も久々だな",,,
377,6,"仮装赤葦京治ICONIC","トス","速攻","桃",50,0,60,0,"","",,"道は作りますので",,,
377,7,"仮装赤葦京治ICONIC","トス","なし","桃",50,0,60,0,"","",,"これほど迷いの要らない一発目も久々だな",,,
378,6,"妖赤葦京治ICONIC","トス","速攻","桃",50,0,60,0,"","",,"道は作りますので",,,
379,7,"焼き芋赤葦京治ICONIC","トス","ツーアタック","桃",51,0,61,0,"","",,"冷静に状況を把握",,,
379,8,"焼き芋赤葦京治ICONIC","トス","なし","桃",51,0,61,0,"焼き芋木兎光太郎","",,"エースから意識が逸れる頃",,,
380,6,"Xmas3赤葦京治ICONIC","トス","なし","桃",51,0,61,0,"","",,"これほど迷いの要らない一発目も久々だな",,,
380,7,"Xmas3赤葦京治ICONIC","トス","なし","桃",51,0,61,0,"ユニフォーム、夏祭り、制服、3周年木兎光太郎","",,"エースの心得",,,
381,6,"3周年赤葦京治ICONIC","トス","なし","桃",52,0,62,0,"ユニフォーム、夏祭り、制服、3周年木兎光太郎","",,"エースの心得",,,
381,7,"3周年赤葦京治ICONIC","トス","なし","桃",52,0,62,0,"","",,"これほど迷いの要らない一発目も久々だな",,,
